Date,91_days,181_days,273_days,364_days,3_year,5_year,7_year,10_year,15_year,base_rate,lending_margin,interbank_rate,inflation,lending_rate,reserve,mpc,10_year_minus_91_days,10_year_minus_3_year,real_rate
01-Jan-10,5.2802,9.65,12.05,12.52,15.82,17.07,17.9,18.9,18.9,22.69,6.5,4.17,9.4,29.19,5,lower,13.6198,3.08,19.79
08-Jan-10,4.9863,8.98,11.02,11.51,15.82,17.07,17.9,18.9,18.9,22.67,6.5,4.2,9.4,29.17,5,lower,13.9137,3.08,19.77
15-Jan-10,5.1366,7.96,10.37,11.04,15.82,17.07,17.9,18.9,18.9,22.65,6.5,4.44,9.4,29.15,5,lower,13.7634,3.08,19.75
22-Jan-10,4.9168,7.46,10.67,11.7,15.82,17.07,17.9,18.9,18.9,22.67,6.5,4.58,9.4,29.17,5,hold,13.9832,3.08,19.77
29-Jan-10,6.4268,7.46,10.67,11.7,14.28,17.34,17.9,18.9,18.9,22.67,6.5,4.58,9.4,29.17,5,hold,12.4732,4.62,19.77
05-Feb-10,6.3659,7.69,9.91,10.58,14.28,17.34,17.9,18.9,18.9,22.65,6.5,2.42,9.2,29.15,5,lower,12.5341,4.62,19.95
12-Feb-10,5.6479,7.04,10.41,11.42,14.28,17.34,17.9,18.9,18.9,22.64,6.5,2.36,9.2,29.14,5,lower,13.2521,4.62,19.94
19-Feb-10,4.9666,6.77,9.2,9.91,14.28,17.34,17.9,18.9,18.9,22.62,6.5,2.04,9.2,29.12,5,lower,13.9334,4.62,19.92
26-Feb-10,3.9735,7.36,8.47,9.09,12.05,15.35,16.81,18.32,18.65,22.64,6.5,2.07,9.2,29.14,5,hold,14.3465,6.27,19.94
05-Mar-10,3.2108,6.67,8.35,8.9,12.05,15.35,16.81,18.32,18.65,22.64,6.5,2,10,29.14,5,hold,15.1092,6.27,19.14
12-Mar-10,2.9275,6.04,7.56,8.26,12.05,15.35,16.81,18.32,18.65,22.64,6.5,1.59,10,29.14,5,hold,15.3925,6.27,19.14
19-Mar-10,1.9965,5.26,6.66,7.96,12.05,15.35,16.81,18.32,18.65,22.59,6.5,1.66,10,29.09,5,lower,16.3235,6.27,19.09
26-Mar-10,1.9647,4.81,6.09,7,9.5,12.33,16.81,18.32,18.65,22.58,6.5,1.57,10,29.08,5,lower,16.3553,8.82,19.08
02-Apr-10,1.9408,4.21,5.63,6.2,9.5,12.33,16.81,18.32,18.65,22.16,6.5,1.81,9.5,28.66,5,lower,16.3792,8.82,19.16
09-Apr-10,1.8343,3.77,4.73,5.42,9.5,12.33,16.81,18.32,18.65,21.53,6.5,1.79,9.5,28.03,5,lower,16.4857,8.82,18.53
16-Apr-10,1.6823,2.96,3.43,4.33,7.6,9.08,16.81,18.32,18.65,21.34,6.5,1.61,9.5,27.84,5,lower,16.6377,10.72,18.34
23-Apr-10,2.2774,2.96,2.93,5.04,7.6,9.08,16.81,18.32,18.65,21.34,6.5,1.64,9.5,27.84,5,hold,16.0426,10.72,18.34
30-Apr-10,1.9779,2.6,2.7,4.86,7.6,9.08,16.81,18.32,18.65,21.34,6.5,1.49,9.5,27.84,5,hold,16.3421,10.72,18.34
07-May-10,2.756,2.47,2.68,4.2,9.5,9.49,14.72,15.69,16.23,21.21,6.5,1.64,8.9,27.71,5,lower,12.934,6.19,18.81
14-May-10,3.6116,2.46,2.55,4.17,9.5,9.49,14.72,15.69,16.23,21.44,7,1.57,8.9,28.44,5,raise,12.0784,6.19,19.54
21-May-10,3.9543,2.58,2.63,4.74,9.5,9.49,14.72,15.69,16.23,21.33,7,1.49,8.9,28.33,5,lower,11.7357,6.19,19.43
28-May-10,4.3047,2.37,2.68,4.24,9.5,9.49,14.72,15.69,16.23,21.33,7,1.5,8.9,28.33,5,hold,11.3853,6.19,19.43
04-Jun-10,4.4774,3.32,3.16,5.02,10.81,9.49,14.72,15.69,16.23,21.32,7,1.48,7.9,28.32,5,lower,11.2126,4.88,20.42
11-Jun-10,4.4979,4.11,4.59,5.49,10.81,9.49,14.72,15.69,16.23,21.32,7,1.49,7.9,28.32,5,hold,11.1921,4.88,20.42
18-Jun-10,4.5567,4.06,4.86,6.13,10.81,9.49,14.72,15.69,16.23,20.68,7,1.49,7.9,27.68,5,lower,11.1333,4.88,19.78
25-Jun-10,4.8567,4,5.2,6.32,10.81,9.49,14.72,15.69,16.23,20.67,7,1.49,7.9,27.67,5,lower,10.8333,4.88,19.77
02-Jul-10,4.8927,5.23,5.2,6.56,11.96,11,14.72,15.69,16.23,20.68,7,1.82,7.9,27.68,5,raise,10.7973,3.73,19.78
09-Jul-10,4.7518,6,5.75,6.77,11.96,11,14.72,15.69,16.23,20.67,7,1.79,7.9,27.67,5,lower,10.9382,3.73,19.77
16-Jul-10,4.8718,5.94,6.3,6.64,11.96,11,14.72,15.69,16.23,20.67,7,1.64,7.9,27.67,5,hold,10.8182,3.73,19.77
23-Jul-10,4.9011,5.99,6.57,6.66,11.96,11,14.72,15.69,16.23,20.55,7,1.75,7.9,27.55,5,lower,10.7889,3.73,19.65
30-Jul-10,4.8749,5.95,6.6,6.89,11.96,11,14.72,15.69,16.23,20.55,7,1.73,7.9,27.55,5,hold,10.8151,3.73,19.65
06-Aug-10,5.1707,5.81,6.64,7.23,11.88,12.36,13.92,14,15.08,20.1,7,1.71,7.7,27.1,5,lower,8.8293,2.12,19.4
13-Aug-10,5.5422,6.38,6.56,7.3,11.88,12.36,13.92,14,15.08,20.11,7,1.67,7.7,27.11,5,raise,8.4578,2.12,19.41
20-Aug-10,5.4435,7.04,7.23,7.57,11.88,12.36,13.92,14,15.08,20.1,7,1.8,7.7,27.1,5,lower,8.5565,2.12,19.4
27-Aug-10,5.5622,7.37,7.92,8.49,11.88,12.36,13.92,14,15.08,20.08,7,1.97,7.7,27.08,5,lower,8.4378,2.12,19.38
03-Sep-10,5.56,7.37,8.5,8.86,10.98,13.12,13.92,14,15.08,19.79,7,1.92,7.8,26.79,5,lower,8.44,3.02,18.99
10-Sep-10,5.597,7.75,8.27,8.27,10.98,13.12,13.92,14,15.08,19.8,7,1.76,7.8,26.8,5,raise,8.403,3.02,19
17-Sep-10,5.5863,7.75,8.27,8.17,10.98,13.12,13.92,14,15.08,19.8,7,2.07,7.8,26.8,5,hold,8.4137,3.02,19
24-Sep-10,5.6314,7.72,7.88,8.1,10.98,13.12,13.92,14,15.08,19.88,7,2,7.8,26.88,5,raise,8.3686,3.02,19.08
01-Oct-10,5.6974,7.55,7.58,8.1,9,12.89,13.92,14,15.08,19.62,7,2.64,6.9,26.62,5,lower,8.3026,5,19.72
08-Oct-10,5.7426,7.49,7.44,8.08,9,12.89,13.92,14,15.08,19.62,7,2.64,6.9,26.62,5,hold,8.2574,5,19.72
15-Oct-10,5.2942,7.49,7.44,8.07,9,12.89,13.92,14,15.08,19.61,7,1.82,6.9,26.61,5,lower,8.7058,5,19.71
22-Oct-10,4.8105,7.52,7.39,8.22,9,12.89,13.92,14,15.08,19.62,7,1.87,6.9,26.62,5,raise,9.1895,5,19.72
29-Oct-10,3.832,7.69,8.2,8.16,9,12.89,13.92,14,15.08,19.64,7,1.77,6.9,26.64,5,raise,10.168,5,19.74
05-Nov-10,3.5169,8.46,8.46,8.61,8.99,12.52,13.98,15.01,15.49,19.63,7,1.83,6.6,26.63,5,lower,11.4931,6.02,20.03
12-Nov-10,3.4559,7.86,8.7,9.62,8.99,12.52,13.98,15.01,15.49,19.6,7,1.93,6.6,26.6,5,raise,11.5541,6.02,20
19-Nov-10,3.8024,6.79,7.7,8.18,8.99,12.52,13.98,15.01,15.49,19.59,7,2.21,6.6,26.59,5,lower,11.2076,6.02,19.99
26-Nov-10,4.5001,5.14,7.15,7.78,8.99,12.52,13.98,15.01,15.49,19.59,7,2.45,6.6,26.59,5,hold,10.5099,6.02,19.99
03-Dec-10,5.0473,4.66,6.74,6.93,8.99,12.52,13.98,15.01,15.49,19.36,7,2.58,6.5,26.36,5,lower,9.9627,6.02,19.86
10-Dec-10,5.7953,4.75,7.03,7,8.99,12.52,13.98,15.01,15.49,19.35,7,2.34,6.5,26.35,5,lower,9.2147,6.02,19.85
17-Dec-10,5.8288,4.57,7,7.37,8.99,12.52,13.98,15.01,15.49,19.36,7,2.47,6.5,26.35,5,raise,9.1812,6.02,19.85
24-Dec-10,7.1287,5.99,7,8,8.99,12.52,13.98,15.01,15.49,19.36,7,8.52,6.5,26.35,5,hold,7.8813,6.02,19.85
31-Dec-10,7.5369,6.44,7.52,8.6,8.99,12.52,13.98,15.01,15.49,19.37,7,6.18,6.5,26.35,5,raise,7.4731,6.02,19.85
07-Jan-11,7.6579,7.61,7.87,8.79,11.07,12.87,13.98,15.01,15.49,19.37,7,3.13,6.3,26.37,5,hold,7.3521,3.94,20.07
14-Jan-11,7.2718,7.81,7.88,8.68,11.07,12.87,13.98,15.01,15.49,19.09,7,1.74,6.3,26.09,5,lower,7.7382,3.94,19.79
21-Jan-11,6.7591,7.95,8.67,9.09,11.07,12.87,13.98,15.01,15.49,19.09,7,1.72,6.3,26.09,5,hold,8.2509,3.94,19.79
28-Jan-11,5.2732,7.96,8.2,9.59,11.07,12.87,13.98,15.01,15.49,19.09,7,1.68,6.3,26.09,5,hold,9.7368,3.94,19.79
04-Feb-11,3.5131,8.3,8.71,9.81,11.07,12.87,13.98,15.01,15.49,19.09,7,1.48,6.5,26.09,5,hold,11.4969,3.94,19.59
11-Feb-11,4.4282,7.89,8.17,9.11,11.07,12.87,13.98,15.01,15.49,19.09,7,1.42,6.5,26.09,5,hold,10.5818,3.94,19.59
18-Feb-11,4.3256,7.28,7.78,8.33,11.07,12.87,13.98,15.01,15.49,19.09,7,1.57,6.5,26.09,5,hold,10.6844,3.94,19.59
25-Feb-11,4.497,6.71,7.25,7.89,11.07,12.87,13.98,15.01,15.49,19.08,7,1.74,6.5,26.08,5,lower,10.513,3.94,19.58
04-Mar-11,5.3393,5.98,6.18,7.31,11.65,13.31,14.28,15.4,16.95,19.08,7,2.3,6.6,26.08,5,hold,10.0607,3.75,19.48
11-Mar-11,5.8367,5.49,6.37,7.08,11.65,13.31,14.28,15.4,16.95,19.1,7,2.3,6.6,26.1,5,raise,9.5633,3.75,19.5
18-Mar-11,5.9998,5.99,6.96,7.55,11.02,13.8,14.28,15.4,16.95,19.1,7,2.84,6.6,26.1,5,hold,9.4002,4.38,19.5
25-Mar-11,5.8878,7.25,7.38,7.89,11.02,13.8,14.28,15.4,16.95,19.1,7,2.76,6.6,26.1,5,hold,9.5122,4.38,19.5
01-Apr-11,6.5,7.48,8.35,9.78,11.95,14.87,14.28,15.4,16.95,19.1,7,2.66,6.3,26.1,5,hold,8.9,3.45,19.8
08-Apr-11,6.494,7.5,8.99,9.76,11.95,14.87,14.28,15.4,16.95,19.1,7,2.54,6.3,26.1,5,hold,8.906,3.45,19.8
15-Apr-11,5.9758,7.98,9.37,9.75,11.95,14.87,14.28,15.4,16.95,19.1,7,2.59,6.3,26.1,5,hold,9.4242,3.45,19.8
22-Apr-11,5.7971,9.24,10.05,9.79,11.95,14.87,14.28,15.4,16.95,19.1,7,2.59,6.3,26.1,5,hold,9.6029,3.45,19.8
29-Apr-11,5.7214,9.13,9.54,9.72,11.95,14.87,14.28,15.4,16.95,19.1,7,2.59,6.3,26.1,5,hold,9.6786,3.45,19.8
06-May-11,5.8198,8.5,8.91,9.25,12.08,16.23,14.28,15.4,16.82,19.1,7,2.59,6.3,26.1,5,hold,9.5802,3.32,19.8
13-May-11,5.9773,8.11,8.46,9.09,12.08,16.23,14.28,15.4,16.82,19.1,7,2.59,6.3,26.1,5,hold,9.4227,3.32,19.8
20-May-11,5.7001,8.11,8.69,9.31,12.08,16.23,14.28,15.4,16.82,19.1,7,2.59,6.3,26.1,5,hold,9.6999,3.32,19.8
27-May-11,5.6656,8.08,8.48,9.85,12.08,16.23,14.28,15.4,16.82,19.09,7,3.32,6.3,26.09,5,lower,9.7344,3.32,19.79
03-Jun-11,5.4988,8.25,7.27,9.47,12.48,16.46,14.28,15.4,16.82,18.93,7,2.81,6.1,25.93,5,lower,9.9012,2.92,19.83
10-Jun-11,5.9204,8.18,8.12,9.69,12.48,16.46,14.28,15.4,16.82,18.99,7,2.96,6.1,25.99,5,raise,9.4796,2.92,19.89
17-Jun-11,6.1147,8.78,8.88,9.91,12.48,16.46,14.28,15.4,16.82,18.99,7,3.36,6.1,25.99,5,hold,9.2853,2.92,19.89
24-Jun-11,6.4232,9.23,9.99,10.27,12.48,16.46,14.28,15.4,16.82,19.01,7,4.05,6.1,26.01,5,raise,8.9768,2.92,19.91
01-Jul-11,6.7153,9,10,10.15,10,16.96,14.28,15.4,16.82,19.01,7,3.76,6.9,26.01,5,hold,8.6847,5.4,19.11
08-Jul-11,6.7153,9.86,10.23,10.42,10,16.96,14.28,15.4,16.82,18.98,7,4.25,6.9,25.98,5,lower,8.6847,5.4,19.08
15-Jul-11,6.7649,10.3,10.97,11,10,16.96,14.28,15.4,16.82,18.98,7,4.11,6.9,25.98,5,hold,8.6351,5.4,19.08
22-Jul-11,7.4867,10.95,10.53,11.13,10,16.96,14.28,15.4,16.82,18.98,7,4.36,6.9,25.98,5,hold,7.9133,5.4,19.08
29-Jul-11,7.593,10.96,10.86,11.53,10,16.96,14.28,15.4,16.82,18.98,7,3.47,6.9,25.98,5,hold,7.807,5.4,19.08
05-Aug-11,7.603,8.02,10.86,11.98,13.94,16.92,14.28,15.4,17,18.99,7,3.84,6.5,25.99,5,hold,7.797,1.46,19.49
12-Aug-11,7.7045,10.99,12.25,12.54,13.94,16.92,14.28,15.4,17,18.99,7,3.94,6.5,25.99,5,hold,7.6955,1.46,19.49
19-Aug-11,7.4588,10.72,13.04,13.01,13.94,16.92,14.28,15.4,17,18.99,7,4.55,6.5,25.99,5,hold,7.9412,1.46,19.49
26-Aug-11,7.386,10.05,12.98,13.93,13.94,16.92,14.28,15.4,17,18.99,7,5.31,6.5,25.99,5,hold,8.014,1.46,19.49
02-Sep-11,7.0785,10.97,13,13.91,14.24,15.87,14.28,15.4,17,18.99,7,6.01,6.5,25.99,5,hold,8.3215,1.16,19.49
09-Sep-11,7.7141,10.96,12.64,13.3,14.24,15.87,14.28,15.4,17,19.01,7,6.84,6.5,26.01,5,raise,7.6859,1.16,19.51
16-Sep-11,7.9143,10.6,12.59,13.05,14.24,15.87,14.28,15.4,17,19.01,7,8.41,6.5,26.01,5,hold,7.4857,1.16,19.51
23-Sep-11,7.9998,10.5,12.64,13.37,14.24,15.87,14.28,15.4,17,19,7,10.35,6.5,26,5,hold,7.4002,1.16,19.5
30-Sep-11,7.934,10.5,12.75,13.6,14.24,15.87,14.28,15.4,17,19,7,11.94,6.5,26,5,hold,7.466,1.16,19.5
07-Oct-11,7.9999,10.96,13.21,13.27,16.38,17.15,14.28,15.4,17,19,7,12.29,6.7,26,5,hold,7.4001,-0.98,19.3
14-Oct-11,8.2511,10.91,13.53,13.57,16.38,17.15,14.28,15.4,17,18.99,7,12.83,6.7,25.99,5,lower,7.1489,-0.98,19.29
21-Oct-11,8.6992,11.43,14.97,14.46,16.38,17.15,14.28,15.4,17,19,7,14.57,6.7,26,5,raise,6.7008,-0.98,19.3
28-Oct-11,9.2661,10.69,13.53,14.83,16.38,17.15,14.28,15.4,17,18.98,7,14.98,6.7,25.98,5,lower,6.1339,-0.98,19.28
04-Nov-11,9.8961,10.76,13.28,14.94,14.63,13.77,15.03,15.93,16.23,18.52,7,10.35,6.4,25.52,5,lower,6.0339,1.3,19.12
11-Nov-11,8.8994,10.76,14.08,15.03,14.63,13.77,15.03,15.93,16.23,18.68,7,6.46,6.4,25.68,5,raise,7.0306,1.3,19.28
18-Nov-11,7.3555,11.49,14.53,15.14,14.63,13.77,15.03,15.93,16.23,18.69,7,5.53,6.4,25.69,5,raise,8.5745,1.3,19.29
25-Nov-11,7.3452,11.98,14.99,15.94,14.63,13.77,15.03,15.93,16.23,18.64,7,5.69,6.4,25.64,5,lower,8.5848,1.3,19.24
02-Dec-11,7.1893,12.01,15.64,16.18,15.15,15.42,15.03,15.93,16.23,18.62,7,6.26,6,25.62,5,lower,8.7407,0.78,19.62
09-Dec-11,7.1051,11.38,13.31,13.5,15.15,15.42,15.03,15.93,16.23,16.63,7,6.4,6,23.63,5,raise,8.8249,0.78,17.63
16-Dec-11,7.0797,10.28,11.37,12.8,15.15,15.42,15.03,15.93,16.23,16.64,7,7.36,6,23.64,5,raise,8.8503,0.78,17.64
23-Dec-11,7.0001,9.59,10.76,12.57,15.15,15.42,15.03,15.93,16.23,16.63,7,10.23,6,23.63,5,lower,8.9299,0.78,17.63
30-Dec-11,7.1671,9.69,11.14,13.52,15.15,15.42,15.03,15.93,16.23,16.64,7,11.31,6,23.64,5,raise,8.7629,0.78,17.64
06-Jan-12,7.1398,10.03,11.43,14.1,13.04,14.2,15.03,15.93,16.23,16.25,7,7.26,6.4,23.25,5,lower,8.7902,2.89,16.85
13-Jan-12,7.1398,9.6,11.43,13.46,13.04,14.2,15.03,15.93,16.23,16.25,7,6.04,6.4,23.25,5,hold,8.7902,2.89,16.85
20-Jan-12,6.7907,9.55,11.43,13.46,13.04,14.2,15.03,15.93,16.23,16.25,7,5.48,6.4,23.25,5,hold,9.1393,2.89,16.85
27-Jan-12,6.7907,9.92,11.41,12.59,13.04,14.2,15.03,15.93,16.23,16.25,7,5.27,6.4,23.25,5,hold,9.1393,2.89,16.85
03-Feb-12,6.3911,9.53,11.29,12.98,12.06,13.57,14.64,16.32,16.7,16.25,7,5.05,6,23.25,5,hold,9.9289,4.26,17.25
10-Feb-12,6.3911,9.53,11.29,12.98,12.06,13.57,14.64,16.32,16.7,16.24,7,4.95,6,23.24,5,lower,9.9289,4.26,17.24
17-Feb-12,6.2659,9.58,9.53,10.99,12.06,13.57,14.64,16.32,16.7,16.24,7,4.89,6,23.24,5,hold,10.0541,4.26,17.24
24-Feb-12,6.2659,9.58,9.53,10.99,12.06,13.57,14.64,16.32,16.7,16.26,7,7.18,6,23.26,5,raise,10.0541,4.26,17.26
02-Mar-12,6.9747,9.37,8.98,10.19,13.06,13.9,14.64,16.32,16.7,16.26,7,7.18,6.4,23.26,5,hold,9.3453,3.26,16.86
09-Mar-12,6.9747,9.37,8.98,10.19,13.06,13.9,14.64,16.32,16.7,16.25,7,6.51,6.4,23.25,5,lower,9.3453,3.26,16.85
16-Mar-12,7.1443,9.62,9.9,9.14,13.06,13.9,14.64,16.32,16.7,16.25,7,6.52,6.4,23.25,5,hold,9.1757,3.26,16.85
23-Mar-12,7.1443,9.62,9.9,9.14,13.06,13.9,14.64,16.32,16.7,16.26,7,5.95,6.4,23.26,5,raise,9.1757,3.26,16.86
30-Mar-12,7.1497,9.94,10.52,9.97,13.06,13.9,14.64,16.32,16.7,16.26,7,6.24,6.4,23.26,5,hold,9.1703,3.26,16.86
06-Apr-12,7.1497,9.94,10.52,9.97,13.06,13.9,14.64,16.32,16.7,16.25,7,5.22,6.5,23.25,5,lower,9.1703,3.26,16.75
13-Apr-12,7.64,9.81,10.33,11.49,13.06,13.9,14.64,16.32,16.7,16.25,7,8.06,6.5,23.25,5,hold,8.68,3.26,16.75
20-Apr-12,7.64,9.81,10.33,11.49,13.06,13.9,14.64,16.32,16.7,15.87,7,8.48,6.5,22.87,5,lower,8.68,3.26,16.37
27-Apr-12,7.9934,10,10.72,11.5,13.06,13.9,14.64,16.32,16.7,15.85,7,8.38,6.5,22.85,5,lower,8.3266,3.26,16.35
04-May-12,7.9934,10,10.72,11.5,13.06,13.9,14.64,16.32,16.7,15.85,7,8.23,6.6,22.85,5,hold,8.3266,3.26,16.25
11-May-12,6.8087,10.23,10.55,12.02,13.06,13.9,14.64,16.32,16.7,12.22,7,7.77,6.6,19.22,5,lower,9.5113,3.26,12.62
18-May-12,6.8087,10.23,10.55,12.02,13.06,13.9,14.64,16.32,16.7,12.25,7,7.82,6.6,19.25,5,raise,9.5113,3.26,12.65
25-May-12,6.4956,10.49,11.67,11.99,13.06,13.9,14.64,16.32,16.7,12.25,7,7.43,6.6,19.25,5,hold,9.8244,3.26,12.65
01-Jun-12,6.4956,10.49,11.67,11.99,12.22,13.61,14.76,15.95,17,12.26,7,7.36,6.7,19.26,5,raise,9.4544,3.73,12.56
08-Jun-12,7.2134,9.97,11,11.97,12.22,13.61,14.76,15.95,17,12.28,7,7.2,6.7,19.28,5,raise,8.7366,3.73,12.58
15-Jun-12,7.2134,9.97,11,11.97,12.22,13.61,14.76,15.95,17,12.28,7,7.66,6.7,19.28,5,hold,8.7366,3.73,12.58
22-Jun-12,7.4997,9.31,10.37,11.34,12.22,13.61,14.76,15.95,17,12.27,7,8.64,6.7,19.27,5,lower,8.4503,3.73,12.57
29-Jun-12,7.4997,9.31,10.37,11.34,12.22,13.61,14.76,15.95,17,9.61,7,8.64,6.7,16.61,5,lower,8.4503,3.73,9.91
06-Jul-12,7.4807,10.49,10.61,11,12.22,13.61,14.76,15.95,17,9.61,7,9.79,6.2,16.61,5,hold,8.4693,3.73,10.41
13-Jul-12,7.4807,10.49,10.61,11,12.22,13.61,14.76,15.95,17,9.63,7,7.66,6.2,16.63,5,raise,8.4693,3.73,10.43
20-Jul-12,7.6894,10.57,10.7,11.94,12.22,13.61,14.76,15.95,17,9.62,7,9.63,6.2,16.62,5,lower,8.2606,3.73,10.42
27-Jul-12,7.6894,10.57,10.7,11.94,12.22,13.61,14.76,15.95,17,9.62,7,9.36,6.2,16.62,5,hold,8.2606,3.73,10.42
03-Aug-12,7.6843,11.4,11.99,12.44,12.22,13.61,14.76,15.95,17,9.62,7,8.75,6.4,16.62,5,hold,8.2657,3.73,10.22
10-Aug-12,7.6843,11.4,11.99,12.44,12.22,13.61,14.76,15.95,17,9.62,7,8.75,6.4,16.62,5,hold,8.2657,3.73,10.22
17-Aug-12,6.1981,11.93,11.91,12.55,12.22,13.61,14.76,15.95,17,9.61,7,8.75,6.4,16.61,5,lower,9.7519,3.73,10.21
24-Aug-12,6.1981,11.93,11.91,12.55,12.22,13.61,14.76,15.95,17,9.61,7,8.75,6.4,16.61,5,hold,9.7519,3.73,10.21
31-Aug-12,7.4767,11.41,11.71,11.99,12.22,13.61,14.76,15.95,17,9.61,7,8.75,6.4,16.61,5,hold,8.4733,3.73,10.21
07-Sep-12,7.4767,11.41,11.71,11.99,11.35,11.9,13.9,15.69,16.75,9.13,7,7.11,6.6,16.13,5,lower,8.2133,4.34,9.53
14-Sep-12,7.4998,10.75,10.97,11.56,11.35,11.9,13.9,15.69,16.75,9.12,7,7.11,6.6,16.12,5,raise,8.1902,4.34,9.52
21-Sep-12,7.4998,10.75,10.97,11.56,11.35,11.9,13.9,15.69,16.75,9.79,7,7.97,6.6,16.79,5,raise,8.1902,4.34,10.19
28-Sep-12,7.4998,9.48,10.16,10.78,11.35,11.9,13.9,15.69,16.75,9.12,7,8.11,6.6,16.12,5,lower,8.1902,4.34,9.52
05-Oct-12,7.4998,9.48,10.16,10.78,11.35,11.9,13.9,15.69,16.75,9.13,7,7.11,6.8,16.13,5,raise,8.1902,4.34,9.33
12-Oct-12,7.2498,9.5,9.75,10.8,11.35,11.9,13.9,15.69,16.75,9.12,7,7.11,6.8,16.12,5,lower,8.4402,4.34,9.32
19-Oct-12,7.2498,9.5,9.75,10.8,11.35,11.9,13.9,15.69,16.75,9.79,7,7.97,6.8,16.79,5,raise,8.4402,4.34,9.99
26-Oct-12,7.1999,10,10.5,10.5,11.35,11.9,13.9,15.69,16.75,9.12,7,8.11,6.8,16.12,5,lower,8.4901,4.34,9.32
02-Nov-12,7.1999,10,10.5,10.5,11.35,11.9,13.9,15.69,16.75,9.12,7,8.66,6.9,16.12,5,hold,8.4901,4.34,9.22
09-Nov-12,7.7501,10.5,10.5,11,11.35,11.9,13.9,15.69,16.75,9.14,7,8.85,6.9,16.14,5,raise,7.9399,4.34,9.24
16-Nov-12,7.7501,10.5,10.5,11,11.35,11.9,13.9,15.69,16.75,9.14,7,9.14,6.9,16.14,5,hold,7.9399,4.34,9.24
23-Nov-12,8.3002,10.5,10.94,10.43,11.35,11.9,13.9,15.69,16.75,9.14,7,8.99,6.9,16.14,5,hold,7.3898,4.34,9.24
30-Nov-12,8.3002,10.5,10.94,10.43,12.75,13.5,14.48,16.5,16.6,9.14,7,8.99,6.9,16.14,5,hold,8.1998,3.75,9.24
07-Dec-12,8.9807,10.75,10.87,10.97,12.75,13.5,14.48,16.5,16.6,9.14,7,8.85,7.3,16.14,5,hold,7.5193,3.75,8.84
14-Dec-12,9.5,10.75,10.87,10.97,12.75,13.5,14.48,16.5,16.6,9.14,7,8.85,7.3,16.14,5,hold,7,3.75,8.84
21-Dec-12,9.4845,11.49,11.74,12.24,12.75,13.5,14.48,16.5,16.6,9.14,7,8.85,7.3,16.14,5,hold,7.0155,3.75,8.84
28-Dec-12,9.4845,11.49,11.74,12.24,12.75,13.5,14.48,16.5,16.6,9.15,7,8.85,7.3,16.15,5,raise,7.0155,3.75,8.85
04-Jan-13,9.4845,12.24,12.49,13,12.75,13.5,14.48,16.5,16.6,9.25,7,9.68,7,16.25,5,raise,7.0155,3.75,9.25
11-Jan-13,6.0837,12.25,11.24,11.74,12.75,13.5,14.48,16.5,16.6,9.25,7,7.3,7,16.25,5,hold,10.4163,3.75,9.25
18-Jan-13,6.0837,12.65,11,11.74,12.75,13.5,14.48,16.5,16.6,9.25,7,7.48,7,16.25,5,hold,10.4163,3.75,9.25
25-Jan-13,8.5,12.65,11,11.74,12.75,13.5,14.48,16.5,16.6,9.25,7,7.57,7,16.25,5,hold,8,3.75,9.25
01-Feb-13,8.5,12.65,11,11.74,12.75,13.5,14.48,16.5,16.6,9.25,7,7.59,6.9,16.25,5,hold,8,3.75,9.35
08-Feb-13,5.4819,9.9,9.25,9.49,12.75,13.5,14.48,16.5,16.6,9.25,7,7.59,6.9,16.25,5,hold,11.0181,3.75,9.35
15-Feb-13,5.4819,9.9,9.25,9.49,12.75,13.5,14.48,16.5,16.6,9.25,7,7.59,6.9,16.25,5,hold,11.0181,3.75,9.35
22-Feb-13,5.4799,8,8,10.87,13.49,14.79,14.5,16.98,16.6,9.25,7,7.59,6.9,16.25,5,hold,11.5001,3.49,9.35
01-Mar-13,5.4799,8,8,10.87,13.49,14.79,14.5,16.98,16.6,9.25,7,7.59,6.6,16.25,5,hold,11.5001,3.49,9.65
08-Mar-13,5.5001,9.6,10,11.48,13.49,14.79,14.5,16.98,16.6,9.25,6.75,9.38,6.6,16,5,hold,11.4799,3.49,9.4
15-Mar-13,5.5001,9.6,10,11.48,13.49,14.79,14.5,16.98,16.6,9.25,6.59,10.35,6.6,15.84,5,hold,11.4799,3.49,9.24
22-Mar-13,5.5001,11.24,11.74,12.74,13.49,14.79,14.5,16.98,16.6,9.25,6.82,9.94,6.6,16.07,5,hold,11.4799,3.49,9.47
29-Mar-13,5.5001,11.24,11.74,12.74,13.49,14.79,14.5,16.98,16.6,9.25,6.9,9.4,6.6,16.15,5,hold,11.4799,3.49,9.55
05-Apr-13,5.5001,12.24,11.74,12.5,13.49,14.79,14.5,16.98,16.6,9.25,7,9.59,6.5,16.25,5,hold,11.4799,3.49,9.75
12-Apr-13,5.5001,12.24,11.74,12.5,13.49,14.79,14.5,16.98,16.6,9.25,7,10.08,6.5,16.25,5,hold,11.4799,3.49,9.75
19-Apr-13,5.5001,12.74,12.8,12.5,13.49,14.79,14.5,16.98,16.6,9.25,7,10.12,6.5,16.25,5,hold,11.4799,3.49,9.75
26-Apr-13,5.5001,12.74,12.8,12.5,13.49,14.79,14.5,16.98,16.6,9.25,7,10.01,6.5,16.25,5,hold,11.4799,3.49,9.75
03-May-13,5.998,12.75,12.89,12.5,13.49,14.79,14.5,16.98,16.6,9.25,6.71,9.84,7,15.96,5,hold,10.982,3.49,8.96
10-May-13,5.998,12.75,12.89,12.5,13.49,14.79,14.5,16.98,16.6,9.25,6.84,10.1,7,16.09,5,hold,10.982,3.49,9.09
17-May-13,6.5,12.53,12.75,12.5,13.49,14.79,14.5,16.98,16.6,9.25,6.82,10.99,7,16.07,5,hold,10.48,3.49,9.07
24-May-13,6.5,12.53,12.75,12.5,14.5,15.49,15.24,16.95,17,9.25,6.81,11.73,7,16.06,5,hold,10.45,2.45,9.06
31-May-13,6.5,12.4,12.45,12.48,14.5,15.49,15.24,16.95,17,9.25,6.69,11.22,7,15.94,5,hold,10.45,2.45,8.94
07-Jun-13,6.5,12.4,12.45,12.48,14.5,15.49,15.24,16.95,17,9.5,6.84,9.69,7.3,16.34,5,raise,10.45,2.45,9.04
14-Jun-13,6.5,12.65,12.78,12.98,14.5,15.49,15.24,16.95,17,9.5,6.81,10.13,7.3,16.31,5,hold,10.45,2.45,9.01
21-Jun-13,6.5,12.65,12.78,12.98,14.5,15.49,15.24,16.95,17,9.5,6.87,10.82,7.3,16.37,5,hold,10.45,2.45,9.07
28-Jun-13,6.5,12.74,12.99,13.35,14.5,15.49,15.24,16.95,17,9.5,6.71,11.14,7.3,16.21,5,hold,10.45,2.45,8.91
05-Jul-13,7.5,12.74,12.99,13.35,14.5,15.49,15.24,16.95,17,9.75,6.74,11.18,7.3,16.49,5,hold,9.45,2.45,9.19
12-Jul-13,7.49998,12.7,13,13.4,14.5,15.49,15.24,16.95,17,9.75,6.66,10.62,7.3,16.41,5,hold,9.45002,2.45,9.11
19-Jul-13,7.49998,12.7,12.9,13.3,14.5,15.49,15.24,16.95,17,9.75,6.69,11.5,7.3,16.44,5,hold,9.45002,2.45,9.14
26-Jul-13,7.9999,12.7,12.9,13.3,14.5,15.49,15.24,16.95,17,9.75,6.67,11.2,7.3,16.42,5,hold,8.9501,2.45,9.12
02-Aug-13,7.9999,12.7,12.9,13.3,14.5,15.49,15.24,16.95,17,9.75,6.68,9.46,7.1,16.43,5,hold,8.9501,2.45,9.33
09-Aug-13,7.99,12.74,12.9,13.3,14.5,15.49,15.24,16.95,17,9.75,6.56,9.53,7.1,16.31,5,hold,8.96,2.45,9.21
16-Aug-13,7.99,12.74,12.9,13.3,14.5,15.49,15.24,16.95,17,9.75,6.56,9.86,7.1,16.31,5,hold,8.96,2.45,9.21
23-Aug-13,7.9999,13.21,11.5,13.31,14.5,15.49,15.24,16.95,17,9.75,6.63,8.94,7.1,16.38,5,hold,8.9501,2.45,9.28
30-Aug-13,7.9999,13.21,11.5,13.31,15.25,16.48,15.5,17.25,17.25,9.75,6.63,11.05,7.1,16.38,8,hold,9.2501,2,9.28
06-Sep-13,8,13.25,13,13.31,15.25,16.48,15.5,17.25,17.25,9.75,6.65,10.37,7,16.4,8,hold,9.25,2,9.4
13-Sep-13,8,13.25,13,13.31,15.25,16.48,15.5,17.25,17.25,9.75,6.63,10.37,7,16.38,8,hold,9.25,2,9.38
20-Sep-13,7.999,13.25,13,13.31,15.25,16.48,15.5,17.25,17.25,9.75,6.41,9.29,7,16.16,8,hold,9.251,2,9.16
27-Sep-13,7.999,13.25,13,13.31,15.25,16.48,15.5,17.25,17.25,9.75,6.67,9.69,7,16.42,5,hold,9.251,2,9.42
04-Oct-13,7.999,13.2,13.5,13.4,15.25,16.48,15.5,17.25,17.25,9.75,6.63,9.9,6.888701923,16.38,5,hold,9.251,2,9.491298077
11-Oct-13,7.999,13.2,13.5,13.4,15.25,16.48,15.5,17.25,17.25,9.75,6.34,9.52,6.888701923,16.09,5,hold,9.251,2,9.201298077
18-Oct-13,7.9999,13.3,13.95,13.75,15.25,16.48,15.5,17.25,17.25,9.75,6.7,9.46,6.888701923,16.45,5,hold,9.2501,2,9.561298077
25-Oct-13,7.9999,13.3,13.95,13.75,15.25,16.48,15.5,17.25,17.25,9.75,6.64,9.56,6.888701923,16.39,5,hold,9.2501,2,9.501298077
01-Nov-13,7.4998,13.29,13.85,13.65,15.25,16.48,15.5,17.25,17.25,9.75,6.51,9.32,7,16.26,8,hold,9.7502,2,9.26
08-Nov-13,7.4998,13.29,13.85,13.65,15.25,16.48,15.5,17.25,17.25,9.75,6.56,9.59,7,16.31,8,hold,9.7502,2,9.31
15-Nov-13,7.4998,13.5,13.7,14.24,15.25,16.48,15.5,17.25,17.25,9.75,6.55,9.6,7,16.3,0,hold,9.7502,2,9.3
22-Nov-13,7.4998,13.5,13.7,14.24,15.5,16.5,16.85,18.15,18,9.75,6.51,9.94,7,16.26,0,hold,10.6502,2.65,9.26
29-Nov-13,7.999,13.69,13.7,15,15.5,16.5,16.85,18.15,18,9.75,6.27,9.8,7,16.02,8,hold,10.151,2.65,9.02
06-Dec-13,7.999,13.69,13.7,15,15.5,16.5,16.85,18.15,18,9.75,6.27,9.81,7.1,16.02,8,hold,10.151,2.65,8.92
13-Dec-13,7.999,14.15,14,15.25,15.5,16.5,16.85,18.15,18,9.75,6.92,9.71,7.1,16.67,8,hold,10.151,2.65,9.57
20-Dec-13,7.999,14.15,14,15.25,15.5,16.5,16.85,18.15,18,9.75,6.89,10.09,7.1,16.64,8,hold,10.151,2.65,9.54
27-Dec-13,7.999,14.74,14.98,15.48,15.5,16.5,16.85,18.15,18,9.75,6.64,10.14,7.1,16.39,8,hold,10.151,2.65,9.29
03-Jan-14,7.9999,14.74,14.98,15.48,15.5,16.5,16.85,18.15,18,9.75,6.81,10.21,7.3,16.56,8,hold,10.1501,2.65,9.26
10-Jan-14,7.9999,14.8,14.81,15.75,15.5,16.5,16.85,18.15,18,9.75,6.66,10.28,7.3,16.41,8,hold,10.1501,2.65,9.11
17-Jan-14,7.9999,14.8,14.81,15.75,15.5,16.5,16.85,18.15,18,9.75,6.68,10.3,7.3,16.43,8,hold,10.1501,2.65,9.13
24-Jan-14,7.9999,14.8,15.25,15.75,15.5,16.5,16.85,18.15,18,9.75,6.65,9.59,7.3,16.4,8,hold,10.1501,2.65,9.1
31-Jan-14,7.9999,14.8,15.25,15.75,15.5,16.5,16.85,18.15,18,9.75,6.65,9.95,7.3,16.4,8,hold,10.1501,2.65,9.1
07-Feb-14,7.9999,14.8,15.25,15.75,15.5,16.5,16.85,18.15,18,9.75,6.84,9.55,7.6,16.59,8,hold,10.1501,2.65,8.99
14-Feb-14,7.9999,14.8,15.25,15.75,15,16,16.5,17.9,17.9,9.75,6.75,10.04,7.6,16.5,8,hold,9.9001,2.9,8.9
21-Feb-14,7.9999,14.8,15.25,15.75,15,16,16.5,17.9,17.9,9.75,6.54,10.08,7.6,16.29,8,hold,9.9001,2.9,8.69
28-Feb-14,7.9999,14.99,15.19,15.4,15,16,16.5,17.9,17.9,10.25,6.88,10.29,7.6,17.13,8,raise,9.9001,2.9,9.53
07-Mar-14,7.9999,14.99,15.19,15.4,15,16,16.5,17.9,17.9,10.25,6.69,10.04,7.7,16.94,8,hold,9.9001,2.9,9.24
14-Mar-14,7.9999,14.99,15.19,15.3,15,16,16.5,17.9,17.9,10.25,6.66,11.89,7.7,16.91,14,hold,9.9001,2.9,9.21
21-Mar-14,7.9999,14.99,15.19,15.3,15,16,16.5,17.9,17.9,10.25,6.75,10.29,7.7,17,14,hold,9.9001,2.9,9.3
28-Mar-14,9.5,14.9,14.95,15.23,15,16,16.5,17.9,17.9,10.25,6.71,15.62,7.7,16.96,14,hold,8.4,2.9,9.26
04-Apr-14,9.5,14.9,14.95,15.23,15,16,16.5,17.9,17.9,12,6.79,15.89,7.8,18.79,14,raise,8.4,2.9,10.99
11-Apr-14,9.5,15,15.1,15.45,15,16,16.5,17.9,17.9,12,6.67,16.64,7.8,18.67,14,hold,8.4,2.9,10.87
18-Apr-14,9.5,15,15.1,15.45,15,16,16.5,17.9,17.9,12,6.64,16.84,7.8,18.64,14,hold,8.4,2.9,10.84
25-Apr-14,9.5,15.25,15.1,15.5,15,16,16.5,17.9,17.9,12,6.75,17.64,7.8,18.75,14,hold,8.4,2.9,10.95
02-May-14,9.5,15.25,15.1,15.5,15,16,16.5,17.9,17.9,12,6.75,17.95,7.8,18.75,14,hold,8.4,2.9,10.95
09-May-14,9,15.5,15.97,16.48,15,16,16.5,17.9,17.9,12,6.2,16.35,7.8,18.2,14,hold,8.9,2.9,10.4
16-May-14,9,15.5,15.97,16.48,15,16,16.5,17.9,17.9,12,6.19,16.71,7.8,18.19,14,hold,8.9,2.9,10.39
23-May-14,9.5,15.65,15.5,16.45,15,16,16.5,17.9,17.9,12,5.9,17.59,7.8,17.9,14,hold,8.4,2.9,10.1
30-May-14,9.5,15.65,15.5,16.45,16.25,17.5,18.25,18.75,18.9,12,6.28,20.13,7.8,18.28,14,hold,9.25,2.5,10.48
06-Jun-14,9.5,16.25,15.45,17.48,16.25,17.5,18.25,18.75,18.9,12,6.19,20.13,7.9,18.19,14,hold,9.25,2.5,10.29
13-Jun-14,9.5,16.25,15.45,17.48,16.25,17.5,18.25,18.75,18.9,12,6.42,23.16,7.9,18.42,14,hold,9.25,2.5,10.52
20-Jun-14,9.2501,17.25,15,17.83,16.25,17.5,18.25,18.75,18.9,12,6.93,24.95,7.9,18.93,14,hold,9.4999,2.5,11.03
27-Jun-14,9.2501,17.25,15,17.83,16.25,17.5,18.25,18.75,18.9,12,7.1,23.44,7.9,19.1,14,hold,9.4999,2.5,11.2
04-Jul-14,9.5,17.13,15.5,17.7,16.25,17.5,18.25,18.75,18.9,12,7.11,25.06,8,19.11,14,hold,9.25,2.5,11.11
11-Jul-14,9.5,17.13,15.5,17.7,16.25,17.5,18.25,18.75,18.9,12,7.11,24.98,8,19.11,14,hold,9.25,2.5,11.11
18-Jul-14,9.5,17.3,17.47,19.99,16.25,17.5,18.25,18.75,18.9,12,6.87,23.28,8,18.87,14,hold,9.25,2.5,10.87
25-Jul-14,9.5,17.3,17.47,19.99,16.25,17.5,18.25,18.75,18.9,12,7.08,17.6,8,19.08,14,hold,9.25,2.5,11.08
01-Aug-14,9.5,17.3,17.5,20.01,16.25,17.5,18.25,18.75,18.9,12,7.99,14.68,8,19.99,14,hold,9.25,2.5,11.99
08-Aug-14,9.5,17.3,17.5,20.01,16.25,17.5,18.25,18.75,18.9,12,7.92,14.51,8,19.92,14,hold,9.25,2.5,11.92
15-Aug-14,9.5,17.51,16.82,22.95,16.25,17.5,18.25,18.75,18.9,12,7.94,14.07,8,19.94,14,hold,9.25,2.5,11.94
22-Aug-14,9.5,17.51,16.82,22.95,16.25,17.5,18.25,18.75,18.9,12,7.96,15,8,19.96,14,hold,9.25,2.5,11.96
29-Aug-14,9.5,17.51,17.49,23,16.25,17.5,18.25,18.75,18.9,12,6.99,12.91,8,18.99,14,hold,9.25,2.5,10.99
05-Sep-14,9.5,17.51,17.49,23,16.2,18.68,18.97,18.97,19.47,12,7.2,12.9,7.8,19.2,14,hold,9.47,2.77,11.4
12-Sep-14,9.5,17.51,17.5,22.48,16.2,18.68,18.97,18.97,19.47,12,7.18,12.81,7.8,19.18,14,hold,9.47,2.77,11.38
19-Sep-14,9.5,17.51,17.5,22.48,16.2,18.68,18.97,18.97,19.47,12,7.3,12.83,7.8,19.3,14,hold,9.47,2.77,11.5
26-Sep-14,9.5,17.5,17,21.95,16.2,18.68,18.97,18.97,19.47,12,7.43,13.05,7.8,19.43,14,hold,9.47,2.77,11.63
03-Oct-14,9.5,17.5,17,21.95,16.2,18.68,18.97,18.97,19.47,12,7.46,12.02,7.9,19.46,14,hold,9.47,2.77,11.56
10-Oct-14,9.5,17.5,16.9,20.5,16.2,18.68,18.97,18.97,19.47,12,7.44,11.57,7.9,19.44,14,hold,9.47,2.77,11.54
17-Oct-14,9.5,17.5,16.9,20.5,16.2,18.68,18.97,18.97,19.47,12,7.87,10.43,7.9,19.87,14,hold,9.47,2.77,11.97
24-Oct-14,9.5,17.4,16.5,19,16.2,18.68,18.97,18.97,19.47,12,8.02,10.22,7.9,20.02,14,hold,9.47,2.77,12.12
31-Oct-14,9.5,17.4,16.5,19,16.2,18.68,18.97,18.97,19.47,12,8.01,11.34,7.9,20.01,14,hold,9.47,2.77,12.11
07-Nov-14,9.5,17,16.4,17.99,16.2,18.68,18.97,18.97,19.47,12.5,8.17,11.64,8.1,20.67,14,raise,9.47,2.77,12.57
14-Nov-14,9.5,17,16.4,17.99,16.2,18.68,18.97,18.97,19.47,12.5,7.99,11.34,8.1,20.49,14,raise,9.47,2.77,12.39
21-Nov-14,13.0002,16.59,17,17.85,16.2,18.68,18.97,18.97,19.47,12.5,7.94,11.69,8.1,20.44,14,raise,5.9698,2.77,12.34
28-Nov-14,13.0002,16.59,17,17.85,16.2,22.41,21.47,21.97,22.47,12.5,7.95,11.63,8.1,20.45,14,raise,8.9698,5.77,12.35
05-Dec-14,13.0002,17,17.48,18.48,16.2,22.41,21.47,21.97,22.47,12.5,8.02,11.67,7.9,20.52,14,raise,8.9698,5.77,12.62
12-Dec-14,13.0002,17,17.48,18.48,16.2,22.41,21.47,21.97,22.47,12.5,7.92,11.61,7.9,20.42,14,raise,8.9698,5.77,12.52
19-Dec-14,13.0002,17.5,19,20,16.2,22.41,21.47,21.97,22.47,12.5,7.94,11.88,7.9,20.44,14,raise,8.9698,5.77,12.54
26-Dec-14,13.0002,17.5,19,20,16.2,22.41,21.47,21.97,22.47,12.5,7.94,12,7.9,20.44,14,raise,8.9698,5.77,12.54
02-Jan-15,13.0028,17.5,18,20.49,16.2,22.41,21.47,21.97,22.47,12.5,7.99,12,7.7,20.49,14,raise,8.9672,5.77,12.79
09-Jan-15,13.0028,17.5,18,20.49,16.2,22.41,21.47,21.97,22.47,12.5,8.51,11.57,7.7,21.01,14,raise,8.9672,5.77,13.31
16-Jan-15,13.2501,17.51,18.01,20.39,16.2,22.41,21.47,21.97,22.47,12.5,8,11.76,7.7,20.5,14,raise,8.7199,5.77,12.8
23-Jan-15,13.2501,17.51,18.01,20.39,16.2,22.41,21.47,21.97,22.47,12.5,7.51,11.78,7.7,20.01,14,raise,8.7199,5.77,12.31
30-Jan-15,13.5002,17.51,18.01,20.31,16.2,22.41,21.47,21.97,22.47,12.5,8.09,11.86,7.7,20.59,14,raise,8.4698,5.77,12.89
06-Feb-15,13.5002,17.51,18.01,20.31,16.2,22.41,21.47,21.97,22.47,12.5,7.86,12.23,7.4,20.36,14,raise,8.4698,5.77,12.96
13-Feb-15,13.5002,18,18.25,20.49,16.2,22.41,21.47,21.97,22.47,12.5,7.88,12,7.4,20.38,14,raise,8.4698,5.77,12.98
20-Feb-15,13.5002,18,18.25,20.49,16.5,22.97,20.5,21.75,22.5,12.5,7.89,12.26,7.4,20.39,14,raise,8.2498,5.25,12.99
27-Feb-15,13.5002,18.25,18.75,20.65,16.5,22.97,20.5,21.75,22.5,12.5,7.93,12.48,7.4,20.43,14,raise,8.2498,5.25,13.03
06-Mar-15,13.5002,18.25,18.75,20.65,16.5,22.97,20.5,21.75,22.5,12.5,7.93,12.52,7.2,20.43,14,hold,8.2498,5.25,13.23
13-Mar-15,13.5002,18.34,18.75,21.41,16.5,22.97,20.5,21.75,22.5,12.5,7.9,8.86,7.2,20.4,14,hold,8.2498,5.25,13.2
20-Mar-15,13.5002,18.34,18.75,21.41,16.5,22.97,20.5,21.75,22.5,12.5,7.91,12.66,7.2,20.41,14,hold,8.2498,5.25,13.21
27-Mar-15,13.5002,18.34,18.25,21.41,16.5,22.97,20.5,21.75,22.5,12.5,7.9,10.8,7.2,20.4,14,hold,8.2498,5.25,13.2
03-Apr-15,13.5002,18.34,18.25,21.41,16.5,22.97,20.5,21.75,22.5,12.5,7.95,12.87,7.2,20.45,18,hold,8.2498,5.25,13.25
10-Apr-15,13.5002,18.34,18.25,21.4,16.5,22.97,20.5,21.75,22.5,12.5,7.97,12.85,7.2,20.47,18,hold,8.2498,5.25,13.27
17-Apr-15,13.5002,18.34,18.25,21.4,16.5,22.97,20.5,21.75,22.5,12.5,7.97,12.71,7.2,20.47,18,hold,8.2498,5.25,13.27
24-Apr-15,13.5002,18.34,18.25,21.4,16.5,22.97,20.5,21.75,22.5,12.5,7.97,14.05,7.2,20.47,18,hold,8.2498,5.25,13.27
01-May-15,13.5002,18.34,18.25,21.4,16.5,22.97,20.5,21.75,22.5,12.5,8.02,14.6,6.9,20.52,18,hold,8.2498,5.25,13.62
08-May-15,14,19,19,21.9,16.5,22.97,20.5,21.75,22.5,12.5,8.01,14.6,6.9,20.51,18,hold,7.75,5.25,13.61
15-May-15,14,19,19,21.9,16.5,22.97,20.5,21.75,22.5,12.5,8,14.6,6.9,20.5,18,hold,7.75,5.25,13.6
22-May-15,14,19.5,19.75,22.48,22.23,24,23,21,22.5,12.5,8,14.6,6.9,20.5,18,hold,7,-1.23,13.6
29-May-15,14,19.5,19.75,22.48,22.23,24,23,21,22.5,12.5,8.02,14.6,6.9,20.52,18,hold,7,-1.23,13.62
05-Jun-15,14,19.5,20.5,23.25,22.23,24,23,21,22.5,12.5,7.97,14.6,7.1,20.47,18,hold,7,-1.23,13.37
12-Jun-15,14,19.5,20.5,23.25,22.23,24,23,21,22.5,12.5,7.93,14.6,7.1,20.43,18,hold,7,-1.23,13.33
19-Jun-15,14,19.5,20.5,23.5,22.23,24,23,21,22.5,12.5,7.96,14.6,7.1,20.46,18,hold,7,-1.23,13.36
26-Jun-15,14,19.5,20.5,23.5,22.23,24,23,21,22.5,12.5,7.73,14.61,7.1,20.23,18,hold,7,-1.23,13.13
03-Jul-15,14.8998,19.5,21.25,24.25,22.23,24,23,21,22.5,12.5,8.36,14.77,7.1,20.86,18,hold,6.1002,-1.23,13.76
10-Jul-15,14.8998,19.5,21.25,24.25,22.23,24,23,21,22.5,12.5,8.38,14.9,7.1,20.88,18,hold,6.1002,-1.23,13.78
17-Jul-15,14.8998,19.5,22,24.47,22.23,24,23,21,22.5,12.5,8.03,14.94,7.1,20.53,18,hold,6.1002,-1.23,13.43
24-Jul-15,14.8998,19.5,22,24.47,22.23,24,23,21,22.5,12.5,8.18,14.71,7.1,20.68,18,hold,6.1002,-1.23,13.58
31-Jul-15,14.9,19.5,22,24.24,22.23,24,23,21,22.5,12.5,8.18,14.69,7.1,20.68,18,hold,6.1,-1.23,13.58
07-Aug-15,14.8899,19.5,22,23.52,22.23,24,23,21,22.5,12.5,8.18,14.76,7.3,20.68,18,hold,6.1101,-1.23,13.38
14-Aug-15,14.8899,19.5,22,23.52,22.23,24,23,21,22.5,12.5,8.24,14.77,7.3,20.74,18,hold,6.1101,-1.23,13.44
21-Aug-15,14.8899,19.5,22,23.52,22.23,24,23,21,22.5,12.5,8.25,14.73,7.3,20.75,18,hold,6.1101,-1.23,13.45
28-Aug-15,14.8899,19.5,21.25,22.9,23.5,25,22,20,22.5,12.5,8.25,14.55,7.3,20.75,18,hold,5.1101,-3.5,13.45
04-Sep-15,14.8899,19.5,21.25,22.9,23.5,25,22,20,22.5,12.5,8.35,14.81,7.7,20.85,18,hold,5.1101,-3.5,13.15
11-Sep-15,14.8899,19.1,21,21.95,23.5,25,22,20,22.5,12.5,8.3,14.67,7.7,20.8,18,hold,5.1101,-3.5,13.1
18-Sep-15,14.8899,19.1,21,21.95,23.5,25,22,20,22.5,12.5,8.23,14.6,7.7,20.73,18,hold,5.1101,-3.5,13.03
25-Sep-15,14.8899,19.97,20.75,22.25,23.5,25,22,20,22.5,12.5,8.22,14.69,7.7,20.72,18,hold,5.1101,-3.5,13.02
02-Oct-15,14.8899,19.97,20.75,22.25,23.5,25,22,20,22.5,12.5,8.25,14.75,14.3,20.75,18,hold,5.1101,-3.5,6.45
09-Oct-15,14.9999,19.97,20.75,22,23.5,25,22,20,22.5,12.5,8.25,14.69,14.3,20.75,18,hold,5.0001,-3.5,6.45
16-Oct-15,14.9999,19.97,20.75,22,23.5,25,22,20,22.5,12.5,8.23,14.65,14.3,20.73,18,hold,5.0001,-3.5,6.43
23-Oct-15,14.9999,19.97,21.47,22.8,23.5,25,22,20,22.5,12.5,8.25,14.8,14.3,20.75,18,hold,5.0001,-3.5,6.45
30-Oct-15,14.9999,19.97,21.47,22.8,23.5,25,22,20,22.5,12.5,8.43,14.72,14.3,20.93,18,hold,5.0001,-3.5,6.63
06-Nov-15,14.9999,20.25,21.75,23,23.5,25,22,20,22.5,15.5,8.47,17.44,19.5,23.97,18,raise,5.0001,-3.5,4.47
13-Nov-15,14.9999,20.25,21.75,23,23.5,25,22,20,22.5,15.5,8.2,17.78,19.5,23.7,18,raise,5.0001,-3.5,4.2
20-Nov-15,14.9999,20.25,21,23,23.5,25,22,20,22.5,15.5,7.88,24.67,19.5,23.38,18,raise,5.0001,-3.5,3.88
27-Nov-15,14.9999,20.25,21,23,23.5,27.99,27.99,20,22.5,15.5,7.73,24.7,19.5,23.23,18,raise,5.0001,-3.5,3.73
04-Dec-15,14.9999,20.25,20,23,23.5,27.99,27.99,20,22.5,15.5,7.97,24.7,21.1,23.47,18,raise,5.0001,-3.5,2.37
11-Dec-15,15.0004,20.25,20,23,23.5,27.99,27.99,20,22.5,15.5,7.6,25.16,21.1,23.1,18,raise,4.9996,-3.5,2
18-Dec-15,15.0004,20.25,20,21.5,23.5,27.99,27.99,20,22.5,15.5,7.88,25.5,21.1,23.38,18,raise,4.9996,-3.5,2.28
25-Dec-15,15.0004,20.25,20,21.5,23.5,27.99,27.99,20,22.5,15.5,7.83,25.74,21.1,23.33,18,raise,4.9996,-3.5,2.23
01-Jan-16,15.0004,20.25,20,21.5,23.5,27.99,27.99,20,22.5,15.5,10.29,26.08,21.8,25.79,18,raise,4.9996,-3.5,3.99
08-Jan-16,15.0004,20.25,19.98,21.5,23.5,27.99,27.99,20,22.5,15.5,10.21,26.14,21.8,25.71,18,raise,4.9996,-3.5,3.91
15-Jan-16,21.9999,20.25,18.75,21.51,23.5,27.99,27.99,20,22.5,15.5,10.36,26.35,21.8,25.86,18,raise,-1.9999,-3.5,4.06
22-Jan-16,21.9999,20.25,18.75,21.51,23.5,27.99,27.99,20,22.5,15.5,10.39,26.63,21.8,25.89,18,raise,-1.9999,-3.5,4.09
29-Jan-16,21.9999,20.25,18.75,21.51,23.5,27.99,27.99,20,22.5,15.5,10.42,26.63,21.8,25.92,18,raise,-1.9999,-3.5,4.12
05-Feb-16,21.9999,20.25,18.75,21.51,23.5,27.99,27.99,20,22.5,15.5,10.41,26.67,22.9,25.91,18,raise,-1.9999,-3.5,3.01
12-Feb-16,22.00055,24,25,26,23.5,27.99,27.99,20,22.5,15.5,10.11,26.89,22.9,25.61,18,raise,-2.00055,-3.5,2.71
19-Feb-16,22.00055,24,25,26,24.5,28.5,28.5,24.5,24,15.5,10.65,27,22.9,26.15,18,raise,2.49945,0,3.25
26-Feb-16,22.0012,24,25,27,24.5,28.5,28.5,24.5,24,15.5,10.85,27.51,22.9,26.35,18,raise,2.4988,0,3.45
04-Mar-16,22.0012,24,27.38,27.14,24.5,28.5,28.5,24.5,24,15.5,10.97,27.37,22.2,26.47,18,raise,2.4988,0,4.27
11-Mar-16,22.0012,24,27.32,27.14,24.5,28.5,28.5,24.5,24,15.5,10.61,27.09,22.2,26.11,18,raise,2.4988,0,3.91
18-Mar-16,22.0012,24,27.32,27.14,24.5,28.5,28.5,24.5,24,15.5,10.91,26.99,22.2,26.41,18,raise,2.4988,0,4.21
25-Mar-16,22.0012,24,27.25,27.14,24.5,28.5,28.5,24.5,24,15.5,11.4,27.27,22.2,26.9,18,raise,2.4988,0,4.7
01-Apr-16,22.0012,24,27.25,27.14,24.5,28.5,28.5,24.5,24,15.5,11.48,27.42,21.8,26.98,18,hold,2.4988,0,5.18
08-Apr-16,22.0012,24,27.25,27.14,24.5,28.5,28.5,24.5,24,15.5,12.16,28.6,21.8,28.6,18,hold,2.4988,0,6.8
15-Apr-16,22.0012,26,28,28,24.5,28.5,28.5,24.5,24,15.5,11.02,28.15,21.8,28.6,18,hold,2.4988,0,6.8
22-Apr-16,22.0012,26,28,28,24.5,28.5,28.5,24.5,24,15.5,11.12,26.31,21.8,26.62,18,hold,2.4988,0,4.82
29-Apr-16,22.0012,26,28,28,24.5,28.5,28.5,24.5,24,15.5,11.4,25.92,21.8,26.9,18,hold,2.4988,0,5.1
06-May-16,22.0012,26,28,28,24.5,28.5,28.5,24.5,24,15.5,11.92,24.91,21.3,27.42,18,hold,2.4988,0,6.12
13-May-16,22.0012,26,27.38,27,24.5,28.5,28.5,24.5,24,15.5,11.92,22.51,21.3,27.42,18,hold,2.4988,0,6.12
20-May-16,22.0012,26,27.38,27,24.5,28.5,28.5,24.5,24,15.5,13.17,17.7,21.3,28.67,18,hold,2.4988,0,7.37
27-May-16,22.0012,26,27.38,27,24.5,27.88,28.98,24.5,23,15.5,12.98,17.59,21.3,28.48,18,hold,2.4988,0,7.18
03-Jun-16,22.0012,25,26,25.5,24.5,27.88,28.98,24.5,23,15.5,12.98,17.79,21,28.48,18,hold,2.4988,0,7.48
10-Jun-16,22.0012,25,26,25.5,24.5,27.88,28.98,24.5,23,15.5,12.98,17.79,21,28.48,18,hold,2.4988,0,7.48
17-Jun-16,21.0003,24,26,25.01,24.5,27.88,28.98,24.5,23,15.5,13.24,17.66,21,28.74,18,hold,3.4997,0,7.74
24-Jun-16,21.0003,24,26,25.01,24.5,27.88,28.98,24.5,23,15.5,13.16,17.69,21,28.66,18,hold,3.4997,0,7.66
01-Jul-16,21.0003,24,25.6,25,24.5,27.88,28.98,24.5,23,15.5,13.14,17.52,20.2,28.64,18,hold,3.4997,0,8.44
08-Jul-16,21.0003,24,25.6,25,24.5,27.88,28.98,24.5,23,15.5,12.67,17.71,20.2,28.17,18,hold,3.4997,0,7.97
15-Jul-16,21.0003,24,25.5,24.99,24.5,27.88,28.98,24.5,23,15.5,13.68,17.81,20.2,29.78,18,hold,3.4997,0,9.58
22-Jul-16,21.0003,24,25.5,24.99,24.5,27.88,28.98,24.5,23,15.5,13.61,17.85,20.2,29.11,18,hold,3.4997,0,8.91
29-Jul-16,21.0003,24,25.5,24.99,24.5,27.88,28.98,24.5,23,15.5,13.72,18,20.2,29.22,18,hold,3.4997,0,9.02
05-Aug-16,21.0003,24,25.5,24.99,24.5,27.88,28.98,24.5,23,15.5,13.69,18.17,19.6,29.19,18,hold,3.4997,0,9.59
12-Aug-16,21.0003,24,25.5,25,24.5,27.88,28.98,24.5,23,15.5,13.46,18.18,19.6,28.96,18,hold,3.4997,0,9.36
19-Aug-16,21.0003,24,25.5,25,24.5,27.88,28.98,24.5,23,15.5,12.82,18.17,19.6,28.32,18,hold,3.4997,0,8.72
26-Aug-16,21.0003,24,25,25,24.5,27.88,28.98,24.5,23,15.5,13.2,18.25,19.6,28.7,18,hold,3.4997,0,9.1
02-Sep-16,21.0003,24,25,25,23.9,25.87,25.75,24.5,23,15.5,13.5,18.5,18.9,29,18,hold,3.4997,0.6,10.1
09-Sep-16,21.0003,24,25.46,25,23.9,25.87,25.75,24.5,23,15.5,13.52,18.18,18.9,29.02,18,hold,3.4997,0.6,10.12
16-Sep-16,21.0003,24,25.46,25,23.9,25.87,25.75,24.5,23,15.5,13.69,18.18,18.9,29.19,18,hold,3.4997,0.6,10.29
23-Sep-16,20.9998,24,25.46,25,23.9,25.87,25.75,24.5,23,15.5,12.56,16.52,18.9,28.06,18,hold,3.5002,0.6,9.16
30-Sep-16,20.9998,24,24.99,25,23.9,25.87,25.75,24.5,23,15.5,13.83,16.39,18.9,29.33,18,hold,3.5002,0.6,10.43
07-Oct-16,20.9998,24,24.99,25,23.9,25.87,25.75,24.5,23,15.5,13.04,16.4,12.5,28.54,18,hold,3.5002,0.6,16.04
14-Oct-16,20.9998,24,24.99,25,23.9,25.87,25.75,24.5,23,15.5,13.09,17.55,12.5,28.59,18,hold,3.5002,0.6,16.09
21-Oct-16,20.9998,24,24.99,24.5,23.9,25.87,25.75,24.5,23,15.5,12.98,16.36,12.5,28.48,18,hold,3.5002,0.6,15.98
28-Oct-16,20.9998,24,24.99,24.5,23.9,25.87,25.75,24.5,23,15.5,13.62,16.53,12.5,29.12,18,hold,3.5002,0.6,16.62
04-Nov-16,20.9998,23.5,24.99,24.99,23.9,25.87,25.75,24.5,23,15.5,13.7,16.61,8.8,29.2,18,hold,3.5002,0.6,20.4
11-Nov-16,20.9998,23.5,24.99,24.99,23.9,25.87,25.75,24.5,23,15.5,13.91,16.51,8.8,29.41,18,hold,3.5002,0.6,20.61
18-Nov-16,20.9998,23.5,24.99,24.99,23.23,24.5,24.9,24.5,23,15.5,13.97,16.51,8.8,29.47,18,hold,3.5002,1.27,20.67
25-Nov-16,20.5003,23.5,24.99,24.99,23.23,24.5,24.9,24.5,23,15.5,13.93,16.51,8.8,29.43,18,hold,3.9997,1.27,20.63
02-Dec-16,20.5003,23.5,24.99,24.99,23.23,25,24.75,25,25,15.5,14.02,16.51,7.5,29.52,18,hold,4.4997,1.77,22.02
09-Dec-16,20.5003,23.5,24.99,24.99,23.23,25,24.75,25,25,15.5,14,16.12,7.5,29.5,18,hold,4.4997,1.77,22
16-Dec-16,20.5003,23.5,24.99,24.99,23.23,25,24.75,25,25,15.5,13.78,16.12,7.5,29.28,18,hold,4.4997,1.77,21.78
23-Dec-16,20.5003,23.97,24.99,24.99,23.23,25,24.75,25,25,15.5,14.03,16.12,7.5,29.53,18,hold,4.4997,1.77,22.03
30-Dec-16,20.5003,23.97,24.99,24.99,23.23,25,24.75,25,25,15.5,13.99,16.12,7.5,29.49,18,hold,4.4997,1.77,21.99
06-Jan-17,20.5003,23.97,24.99,24.99,23.23,25,24.75,25,25,15.5,13.91,16.12,7,29.41,18,hold,4.4997,1.77,22.41
13-Jan-17,20.5003,23.9,24.99,25,23.23,25,24.75,25,25,15.5,13.71,16.12,7,29.21,18,hold,4.4997,1.77,22.21
20-Jan-17,20.5003,23.9,24.99,25,23.23,25,24.75,25,25,15.5,13.55,16.12,7,29.05,18,hold,4.4997,1.77,22.05
27-Jan-17,20.5003,23.9,24.99,24.95,23.23,25,24.75,25,25,15.5,13.8,15.13,7,29.3,18,hold,4.4997,1.77,22.3
03-Feb-17,17.9999,23.9,24.99,24.95,23.23,25,24.75,25,25,15.5,13.53,15.16,6.8,29.03,18,hold,7.0001,1.77,22.23
10-Feb-17,17.9999,23.9,24.99,24.95,23.23,25,24.75,25,25,15.5,13.8,15.38,6.8,29.3,18,hold,7.0001,1.77,22.5
17-Feb-17,17.9999,23.9,24.99,25,23.23,25,24.75,25,25,15.5,13.85,15.34,6.8,29.35,15.5,hold,7.0001,1.77,22.55
24-Feb-17,17.6284,23.9,24.99,25,20,19.5,20.9,19.95,22.95,14,14.08,15.48,6.8,28.08,15.5,lower,2.3216,-0.05,21.28
03-Mar-17,17.6284,21,21,22.4,20,19.5,20.9,19.95,22.95,14,14.53,15.56,6.7,28.53,15.5,lower,2.3216,-0.05,21.83
10-Mar-17,14.2502,21,21,22.4,20,19.5,20.9,19.95,22.95,14,14.98,15.05,6.7,28.98,15.5,lower,5.6998,-0.05,22.28
17-Mar-17,14.2502,21,21,22.4,20,19.5,20.9,19.95,22.95,14,14.99,13.46,6.7,28.99,15.5,lower,5.6998,-0.05,22.29
24-Mar-17,14,19.5,20,21,20,19.5,20.9,19.95,22.95,14,14.76,13.35,6.7,28.76,15.5,lower,5.95,-0.05,22.06
31-Mar-17,14,19.5,20,21,20,19.5,20.9,19.95,22.95,14,14.55,13.03,6.7,28.55,15.5,lower,5.95,-0.05,21.85
07-Apr-17,14,15,16,19.25,20,19.5,20.9,19.95,22.95,14,14.31,13.08,6.7,28.31,15.5,lower,5.95,-0.05,21.61
14-Apr-17,14,15,16,19.25,20,19.5,20.9,19.95,22.95,14,14.3,13.63,6.7,28.3,15.5,lower,5.95,-0.05,21.6
21-Apr-17,14,15,15.5,17.47,20,19.5,20.9,19.95,22.95,14,14.28,13.71,6.7,28.28,15.5,lower,5.95,-0.05,21.58
28-Apr-17,14,15,15.5,17.47,20,19.25,20,19.94,22.5,14,13.87,13.66,6.7,27.87,15.5,lower,5.94,-0.06,21.17
05-May-17,14,14.75,15.25,17.01,20,19.25,20,19.94,22.5,14,14.28,13.91,6.5,28.28,15.5,lower,5.94,-0.06,21.78
12-May-17,14,14.75,15.25,17.01,20,19.25,20,19.94,22.5,14,14.29,13.89,6.5,28.29,12.5,lower,5.94,-0.06,21.79
19-May-17,14.4998,14.75,15.25,17.47,20,19.25,20,19.94,22.5,14,14.41,13.89,6.5,28.41,12.5,lower,5.4402,-0.06,21.91
26-May-17,14.4998,14.75,15.25,17.47,20,19.25,20,19.94,22.5,12.5,15.31,13.89,6.5,27.81,12.5,lower,5.4402,-0.06,21.31
02-Jun-17,14,15,15.75,17.47,20,19.25,20,19.94,22.5,12.5,14.61,13.03,6.8,27.11,12.5,lower,5.94,-0.06,20.31
09-Jun-17,14,15,15.75,17.47,20,19.25,20,19.94,22.5,12.5,14.58,12.64,6.8,27.08,12.5,lower,5.94,-0.06,20.28
16-Jun-17,12.5002,15.5,16,17.5,20,19.25,20,19.94,22.5,12.5,14.12,10.39,6.8,26.62,12.5,lower,7.4398,-0.06,19.82
23-Jun-17,12.5002,15.5,16,17.5,20,19.25,20,19.94,22.5,12.5,14.08,11.88,6.8,26.58,12.5,lower,7.4398,-0.06,19.78
30-Jun-17,12.406,15,15.5,16,17.93,17.47,18.49,18.25,19.5,12.5,14.02,12.21,6.8,26.52,12.5,lower,5.844,0.32,19.72
07-Jul-17,12.406,15,15.5,16,17.93,17.47,18.49,18.25,19.5,12.5,14.12,12.27,6.6,26.62,12.5,lower,5.844,0.32,20.02
14-Jul-17,12.2002,13,13.5,14.5,17.93,17.47,18.49,18.25,19.5,12.5,12.45,12.45,6.6,26.49,12.5,lower,6.0498,0.32,19.89
21-Jul-17,12.2002,13,13.5,14.5,17.93,17.47,18.49,18.25,19.5,12.5,12.45,12.16,6.6,26.43,12.5,lower,6.0498,0.32,19.83
28-Jul-17,12.0001,12.5,12.5,17,17.93,17.47,18.49,18.25,19.5,12.5,12.45,12.33,6.6,25.97,12.5,lower,6.2499,0.32,19.37
04-Aug-17,12.0001,12.5,12.5,17,17.93,17.47,18.49,18.25,19.5,12.5,12.45,12.31,6.3,26.2,9.5,lower,6.2499,0.32,19.9
11-Aug-17,11.7501,11.95,11.9,16.5,17.93,17.47,18.49,18.25,19.5,12.5,12.45,12.2,6.3,26.17,9.5,lower,6.4999,0.32,19.87
18-Aug-17,11.7501,11.95,11.9,16.5,17.93,17.47,18.49,18.25,19.5,12.5,12.45,11.74,6.3,26.7,9.5,lower,6.4999,0.32,20.4
25-Aug-17,9.2501,11.5,11.5,16.93,17.93,17.47,18.49,18.25,19.5,11,14.68,11.74,6.3,27.18,9.5,lower,8.9999,0.32,20.88
01-Sep-17,9.2501,11.5,11.5,16.93,16.85,17.65,16,18,18.5,11,13.65,10.44,6.6,24.65,9.5,lower,8.7499,1.15,18.05
08-Sep-17,9,11.5,10,16.75,16.85,17.65,16,18,18.5,11,14.12,10.52,6.6,25.12,9.5,lower,9,1.15,18.52
15-Sep-17,9,11.5,10,16.75,16.85,17.65,16,18,18.5,11,14.77,10.5,6.6,25.77,9.5,lower,9,1.15,19.17
22-Sep-17,9.0227,9.5,9.5,15.34,16.85,17.65,16,18,18.5,11,14.83,10.5,6.6,25.83,9.5,lower,8.9773,1.15,19.23
29-Sep-17,9.0227,9.5,9.5,15.34,16.85,17.65,16,18,18.5,11,14.69,10.53,6.6,25.69,9.5,lower,8.9773,1.15,19.09
06-Oct-17,9.0227,9.15,9.5,15.34,16.85,17.65,16,18,18.5,11,14.5,10.53,6.4,25.5,9.5,lower,8.9773,1.15,19.1
13-Oct-17,9.0227,9.15,9.5,15.34,16.85,17.65,16,18,18.5,11,14.59,10.53,6.4,25.59,9.5,lower,8.9773,1.15,19.19
20-Oct-17,9.0227,9.16,8.5,14.89,16.85,17.65,16,18,18.5,11,14.58,10.49,6.4,25.58,9.5,lower,8.9773,1.15,19.18
27-Oct-17,9.0227,9.16,8.5,14.89,16.85,17.65,16,18,18.5,11,13.97,10.49,6.4,24.97,9.5,lower,8.9773,1.15,18.57
03-Nov-17,9.0227,9.16,8.5,15.95,18.5,17.99,19.5,21,18.5,11,14.46,10.62,6.3,25.46,9.5,lower,11.9773,2.5,19.16
10-Nov-17,9.0227,9.16,8.5,15.95,18.5,17.99,19.5,21,18.5,11,14.57,10.7,6.3,25.57,9.5,lower,11.9773,2.5,19.27
17-Nov-17,9.099,10,14,15.5,18.5,17.99,19.5,21,18.5,10.25,14.53,10.7,6.3,25.53,8,lower,11.901,2.5,19.23
24-Nov-17,9.099,10,14,15.5,18.5,17.99,19.5,21,18.5,10.25,14.57,12.16,6.3,25.57,8,lower,11.901,2.5,19.27
01-Dec-17,9.2501,9.5,14,15.5,18.5,17.99,19.5,21,18.5,10.25,14.34,10.53,6.1,24.59,8,lower,11.7499,2.5,18.49
08-Dec-17,9.2501,9.5,14,15.5,18.5,17.99,19.5,21,18.5,10.25,14.28,9.84,6.1,24.53,8,lower,11.7499,2.5,18.43
15-Dec-17,9.7499,9.4,14,16,18.5,17.99,19.5,21,18.5,10.25,14.27,9.87,6.1,24.52,8,lower,11.2501,2.5,18.42
22-Dec-17,9.7499,9.4,14,16,17.95,17.98,19.5,20,18.5,10.25,14.35,10.08,6.1,24.6,8,lower,10.2501,2.05,18.5
29-Dec-17,9.7499,9.5,13,16,17.95,17.98,19.5,20,18.5,10.25,14.35,10.24,6.1,24.6,8,lower,10.2501,2.05,18.5
05-Jan-18,9.7499,9.5,13,16,17.95,17.98,19.5,20,18.5,10.25,14.31,9.95,6.2,24.56,8,lower,10.2501,2.05,18.36
12-Jan-18,9.7499,10,13.93,16.5,17.95,17.98,19.5,20,18.5,10.25,14.33,9.93,6.2,24.58,8,lower,10.2501,2.05,18.38
19-Jan-18,9.821,10,13.93,16.5,17.95,17.98,19.5,20,18.5,10.25,14.23,10.32,6.2,24.48,8,lower,10.179,2.05,18.28
26-Jan-18,9.821,10,14,16.5,17.95,17.98,19.5,20,18.5,10.25,14.2,10.38,6.2,24.45,8,lower,10.179,2.05,18.25
02-Feb-18,9.821,10,14,16.5,17.95,17.98,19.5,20,18.5,10.25,14.16,10.19,6.1,24.41,8,lower,10.179,2.05,18.31
09-Feb-18,9.7999,10,13,16.5,17.95,17.98,19.5,20,18.5,10.25,14.14,10.22,6.1,24.39,8,lower,10.2001,2.05,18.29
16-Feb-18,9.7999,10,11.9,16.51,17.95,17.98,19.5,20,18.5,10.25,14.1,10.22,6.1,24.35,5,lower,10.2001,2.05,18.25
23-Feb-18,9.9899,10,11.9,16.51,17.95,17.98,19.5,20,18.5,9.75,14.18,10.38,6.1,23.93,5,lower,10.0101,2.05,17.83
02-Mar-18,9.9899,10,11.9,16.51,17.9,17.9,18.98,20,18.5,9.75,14.31,10.38,7.1,24.06,5,lower,10.0101,2.1,16.96
09-Mar-18,10,10.15,10,16,17.9,17.9,18.98,20,18.5,9.75,14.35,9.93,7.1,24.1,5,lower,10,2.1,17
16-Mar-18,10,10.15,10,16,17.9,17.9,18.98,20,18.5,9.75,14.34,10.4,7.1,24.09,5,lower,10,2.1,16.99
23-Mar-18,10,11,8.91,16.5,17.9,17.9,18.98,20,18.5,9.75,14.37,8.58,7.1,24.12,5,lower,10,2.1,17.02
30-Mar-18,10,11,8.91,16.5,17.9,17.9,18.98,20,18.5,9.75,14.41,8.58,7.1,24.16,5,lower,10,2.1,17.06
06-Apr-18,10.1998,10.95,8.91,17.48,17.9,17.9,18.98,20,18.5,9.75,14.15,8.94,7.4,23.9,5,lower,9.8002,2.1,16.5
13-Apr-18,10.1998,10.95,8.91,17.48,17.9,17.9,18.98,20,18.5,9.75,14.34,9.01,7.4,24.09,5,lower,9.8002,2.1,16.69
20-Apr-18,10,10.95,8,17.5,17.9,17.9,18.98,20,18.5,9.75,14.45,9.21,7.4,24.2,5,lower,10,2.1,16.8
27-Apr-18,10,10.95,8,17.5,17.9,17.9,18.98,19,18.5,9.75,14.41,9.42,7.4,24.16,5,lower,9,1.1,16.76
04-May-18,10,11.25,13,17.56,17.9,17.9,18.98,19,18.5,9.75,14.32,9.42,7.8,24.07,5,lower,9,1.1,16.27
11-May-18,10,11.25,13,17.56,17.9,17.9,18.98,19,18.5,9.75,14.28,9.42,7.8,24.03,5,lower,9,1.1,16.23
18-May-18,10,11.25,12.9,17.6,17.9,17.9,18.98,19,18.5,9.75,14.25,9.95,7.8,24,5,lower,9,1.1,16.2
25-May-18,10,11.25,12.9,17.6,17.9,17.9,18.98,19,18.5,9.75,13.79,9.95,7.8,23.54,5,lower,9,1.1,15.74
01-Jun-18,10,11.25,12.9,17.6,17.9,17.9,18.98,19,18.5,9.75,14.14,9.95,7.4,23.89,5,hold,9,1.1,16.49
08-Jun-18,10,13.01,12.9,17.7,17.9,17.9,18.98,19,18.5,9.75,13.88,9.95,7.4,23.63,5,hold,9,1.1,16.23
15-Jun-18,10,13.01,12.9,17.7,17.9,17.9,18.98,19,18.5,9.75,14.56,9.95,7.4,24.31,5,hold,9,1.1,16.91
22-Jun-18,10,13.01,12.9,17.7,17.9,17.9,18.98,19,18.5,9.75,14.67,9.9,7.4,24.42,5,hold,9,1.1,17.02
29-Jun-18,10,13.01,12.9,17.7,18.5,20,18.98,19.25,17.5,9.75,14.66,9.86,7.4,24.41,5,hold,9.25,0.75,17.01
06-Jul-18,10,13.01,12.9,17.7,18.5,20,18.98,19.25,17.5,9.75,14.59,9.87,7.8,24.34,5,hold,9.25,0.75,16.54
13-Jul-18,10,13.01,13.5,17.81,18.5,20,18.98,19.25,17.5,9.75,13.62,9.94,7.8,23.37,5,hold,9.25,0.75,15.57
20-Jul-18,10,13.01,13.5,17.81,18.5,20,18.98,19.25,17.5,9.75,13.79,9.94,7.8,23.54,5,hold,9.25,0.75,15.74
27-Jul-18,10,13.51,12,18.35,18.5,20,18.98,19.25,17.5,9.75,13.8,9.96,7.8,23.55,5,hold,9.25,0.75,15.75
03-Aug-18,10,13.51,13,18.35,18.5,20,18.98,19.25,17.5,9.75,13.68,9.96,8.1,23.43,5,hold,9.25,0.75,15.33
10-Aug-18,10,13.51,13,18.35,18.5,20,18.98,19.25,17.5,9.75,13.64,9.96,8.1,23.39,5,hold,9.25,0.75,15.29
17-Aug-18,12.5002,14,13,18.51,18.5,20,18.98,19.25,17.5,9.75,13.75,9.96,8.1,23.5,5,hold,6.7498,0.75,15.4
24-Aug-18,12.5002,14,13,18.51,18.4,20.4,18.98,20,17.5,9.75,13.7,9.96,8.1,23.45,5,hold,7.4998,1.6,15.35
31-Aug-18,14,14,13,18.51,18.4,20.4,18.98,20,17.5,9.75,13.77,9.96,8.1,23.52,5,hold,6,1.6,15.42
07-Sep-18,14,14,13,18.51,18.4,20.4,18.98,20,17.5,9.75,10.44,9.96,7.9,20.19,5,hold,6,1.6,12.29
14-Sep-18,14,15,18.5,19.06,18.4,20.4,18.98,20,17.5,9.75,13.86,9.96,7.9,23.61,5,hold,6,1.6,15.71
21-Sep-18,14,15,18.5,19.06,18.4,20.4,18.98,20,17.5,9.75,14.7,9.96,7.9,24.45,5,hold,6,1.6,16.55
28-Sep-18,14,15.5,18.51,20.5,18.4,20.4,18.98,20,17.5,9.75,13.94,9.96,7.9,23.69,5,hold,6,1.6,15.79
05-Oct-18,14,15.5,18.51,20.5,18.4,20.4,18.98,20,17.5,9.75,13.99,9.96,8.3,23.74,5,hold,6,1.6,15.44
12-Oct-18,14.4998,15.5,18.51,20.5,18.4,20.4,18.98,20,17.5,9.75,14.89,9.96,8.3,24.64,5,hold,5.5002,1.6,16.34
19-Oct-18,14.4998,15.5,18.51,20.5,20,20.4,18.5,19.5,17.5,9.75,14.78,9.54,8.3,24.53,5,hold,5.0002,-0.5,16.23
26-Oct-18,14.4998,15,19.5,21.5,20,20.4,18.5,19.5,17.5,9.75,14.86,9.63,8.3,24.61,5,hold,5.0002,-0.5,16.31
02-Nov-18,14.4998,15,19.5,21.5,20,20.4,18.5,19.5,17.5,9.75,14.78,9.81,7.8,24.53,5,hold,5.0002,-0.5,16.73
09-Nov-18,14.4998,15,20.5,22.5,20,20.4,18.5,19.5,17.5,9.75,14.74,9.81,7.8,24.49,5,hold,5.0002,-0.5,16.69
16-Nov-18,14.4998,15,20.5,22.5,20,20.4,18.5,19.5,17.5,9.75,14.04,9.81,7.8,23.79,5,hold,5.0002,-0.5,15.99
23-Nov-18,14.4998,15,20.5,22.5,20,20.4,18.5,19.5,17.5,9.75,13.93,9.81,7.8,23.68,5,hold,5.0002,-0.5,15.88
30-Nov-18,14.4998,15,20.5,22.5,20,20.4,18.5,19.5,17.5,9.75,13.6,9.84,7.8,23.35,5,hold,5.0002,-0.5,15.55
07-Dec-18,14.9999,15,21.5,23.06,20,20.4,18.5,19.5,17.5,9.75,13.6,9.84,7.9,23.35,5,hold,4.5001,-0.5,15.45
14-Dec-18,14.9999,15,21.5,23.06,20,20.4,18.5,19.5,17.5,9.75,13.84,9.85,7.9,23.59,5,hold,4.5001,-0.5,15.69
21-Dec-18,14.9999,14,20.99,23.16,20,20.4,18.5,23.5,17,9.75,13.92,9.81,7.9,23.67,5,hold,8.5001,3.5,15.77
28-Dec-18,14.9999,14,20.99,23.16,20,20.4,18.5,23.5,17,9.75,13.88,9.87,7.9,23.63,5,hold,8.5001,3.5,15.73
04-Jan-19,14.9999,14.5,21,23.2,20,20.4,18.5,23.5,17,9.75,13.96,9.87,7.9,23.71,5,hold,8.5001,3.5,15.81
11-Jan-19,14.9999,14.5,21,23.2,20,20.4,18.5,23.5,17,9.75,13.91,9.87,7.9,23.66,5,hold,8.5001,3.5,15.76
18-Jan-19,14.9999,15,21,23,20,20.4,18.5,23.5,17,9.75,14.62,9.87,7.9,24.37,5,hold,8.5001,3.5,16.47
25-Jan-19,14.9999,15,21,23,20,20.4,18.5,23.5,17,9.75,14.64,9.87,7.9,24.39,5,hold,8.5001,3.5,16.49
01-Feb-19,14.9999,15,21,23.13,20,20.4,18.5,23.5,17,9.75,14.82,9.9,7.8,24.57,5,hold,8.5001,3.5,16.77
08-Feb-19,14.9999,15,21,23.13,20,20.4,18.5,23.5,17,9.75,15.07,9.9,7.8,24.82,5,hold,8.5001,3.5,17.02
15-Feb-19,14.9999,15,23,24,20,20.4,18.5,23.5,17,9.75,14.78,9.97,7.8,24.53,5,hold,8.5001,3.5,16.73
22-Feb-19,14.9999,15,23,24,24.5,25.5,23.98,25.85,17,9.75,14.77,9.92,7.8,24.52,5,hold,10.8501,1.35,16.72
01-Mar-19,15.25,15,23,23.5,24.5,25.5,23.98,25.85,17,9.75,14.82,9.91,7.5,24.57,5,hold,10.6,1.35,17.07
08-Mar-19,15.25,15,23,23.5,24.5,25.5,23.98,25.85,17,9.75,14.76,9.91,7.5,24.51,5,hold,10.6,1.35,17.01
15-Mar-19,15.25,15,23,23.5,24.5,25.5,23.98,25.85,17,9.75,14.85,9.91,7.5,24.6,5,hold,10.6,1.35,17.1
22-Mar-19,15.25,15,23,23.5,24.5,25.5,23.98,25.85,17,9.75,14.89,9.91,7.5,24.64,5,hold,10.6,1.35,17.14
29-Mar-19,15.25,15,23,23.57,24.5,25.5,23.98,25.85,17,9.75,14.86,9.91,7.5,24.61,5,hold,10.6,1.35,17.11
05-Apr-19,15.25,15,23,23.57,24.5,25.5,23.98,25.85,17,9.75,14.76,9.91,7.7,24.51,5,hold,10.6,1.35,16.81
12-Apr-19,15.9999,15,23,23.56,24.5,25.5,23.98,25.85,17,9.75,14.91,9.91,7.7,24.66,5,hold,9.8501,1.35,16.96
19-Apr-19,15.9999,15,23,23.56,24.5,25.5,23.98,25.85,17,9.75,14.76,9.91,7.7,24.51,5,hold,9.8501,1.35,16.81
26-Apr-19,15.9999,15,23,24,29.75,30.5,25.58,27,19,9.75,14.91,9.91,7.7,24.66,5,hold,11.0001,-2.75,16.96
03-May-19,15.9999,15,23,24,29.75,30.5,25.58,27,19,9.75,14.91,9.9,8.1,24.66,5,hold,11.0001,-2.75,16.56
10-May-19,15.9999,16,23.5,24.06,29.75,30.5,25.58,27,19,9.75,14.88,9.9,8.1,24.63,5,hold,11.0001,-2.75,16.53
17-May-19,15.9999,16,23.5,24.06,29.75,30.5,25.58,27,19,9.75,15.01,9.91,8.1,24.76,5,hold,11.0001,-2.75,16.66
24-May-19,15.9999,16,24.25,25,29.75,30.5,25.58,27,19,10.25,15.21,9.91,8.1,25.46,5,raise,11.0001,-2.75,17.36
31-May-19,15.9999,16,23.5,24.06,29.75,30.5,25.58,27,19,10.25,15.29,9.91,8.1,25.04,5,raise,11.0001,-2.75,16.94
07-Jun-19,16.495,16.5,25.25,26.25,29.75,30.5,25.58,27,19,10.25,14.93,10.19,8.6,25.18,5,raise,10.505,-2.75,16.58
14-Jun-19,16.495,16.5,25.25,26.25,29.75,30.5,25.58,27,19,10.25,14.66,10.23,8.6,24.91,5,raise,10.505,-2.75,16.31
21-Jun-19,16.5002,16.5,25.25,26.25,29.75,30.5,25.58,27,19,10.25,14.97,10.31,8.6,25.22,5,raise,10.4998,-2.75,16.62
28-Jun-19,16.5002,16.5,25.25,26.25,29.75,30.5,25.58,27,19,10.25,15.91,10.3,8.6,26.16,5,raise,10.4998,-2.75,17.56
05-Jul-19,16.5002,16.5,25.25,26.5,29.75,30.5,25.58,27,19,10.25,14.96,9.91,8.8,25.21,5,raise,10.4998,-2.75,16.41
12-Jul-19,16.5002,16.5,25.25,26.5,29.75,30.5,25.58,27,19,10.25,15.13,10.31,8.8,25.38,5,raise,10.4998,-2.75,16.58
19-Jul-19,16.5002,16.5,25.25,26.5,29.75,30.5,25.58,27,19,10.25,15.14,10.31,8.8,25.39,5,raise,10.4998,-2.75,16.59
26-Jul-19,16.5002,16.5,25.25,26.5,29.75,30.5,25.58,27,19,10.25,15.06,10.49,8.8,25.31,5,raise,10.4998,-2.75,16.51
02-Aug-19,16.5002,16,25.25,26.5,29.75,30.5,25.58,27,19,10.25,15.18,10.38,9.3,25.43,5,raise,10.4998,-2.75,16.13
09-Aug-19,16.5002,16,25.25,26.5,29.75,30.5,25.58,27,19,10.25,15.68,10.4,9.3,25.93,5,raise,10.4998,-2.75,16.63
16-Aug-19,16.5002,16,25.25,26.5,29.75,30.5,25.58,27,19,10.25,15.81,10.63,9.3,26.06,5,raise,10.4998,-2.75,16.76
23-Aug-19,16.5002,16,25.25,26.5,29.75,30.5,25.58,27,19,10.25,15.71,11.05,9.3,25.96,5,raise,10.4998,-2.75,16.66
30-Aug-19,16.5001,16,26,26.75,29.75,32,25,28,20,10.25,15.57,10.82,9.3,25.82,5,raise,11.4999,-1.75,16.52
06-Sep-19,16.5001,16,26,26.75,29.75,32,25,28,20,10.25,15.61,11.25,10.5,25.86,5,hold,11.4999,-1.75,15.36
13-Sep-19,16.5002,19,26,27.5,29.75,32,25,28,20,10.25,15.76,11.23,10.5,26.01,5,hold,11.4998,-1.75,15.51
20-Sep-19,16.5002,19,26,27.5,29.75,32,25,28,20,10.25,16,11.06,10.5,26.25,5,hold,11.4998,-1.75,15.75
27-Sep-19,16.5002,19,26,27.5,29.75,32,25,28,20,10.25,16.09,11.29,10.5,26.34,5,hold,11.4998,-1.75,15.84
04-Oct-19,16.5002,19,26,27.5,29.75,32,25,28,20,10.25,16.1,10.72,10.7,26.35,5,hold,11.4998,-1.75,15.65
11-Oct-19,16.5002,19,26.5,27.5,29.75,32,25,28,20,10.25,16.35,10.47,10.7,26.6,5,hold,11.4998,-1.75,15.9
18-Oct-19,16.5002,19,26.5,27.5,29.75,32,25,28,20,10.25,16.58,10.43,10.7,26.83,5,hold,11.4998,-1.75,16.13
25-Oct-19,16.5002,19,26.5,27.5,28.75,32.5,25,27,21,10.25,16.58,10.8,10.7,26.83,5,hold,10.4998,-1.75,16.13
01-Nov-19,16.5002,19,26.5,27.5,28.75,32.5,25,27,21,10.25,16.76,10.67,10.8,27.01,5,hold,10.4998,-1.75,16.21
08-Nov-19,16.5002,19.15,26.5,27.5,28.75,32.5,25,27,21,10.25,16.75,10.7,10.8,27,5,hold,10.4998,-1.75,16.2
15-Nov-19,16.5002,19.15,26.5,27.5,28.75,32.5,25,27,21,10.25,16.73,10.97,10.8,26.98,5,hold,10.4998,-1.75,16.18
22-Nov-19,16.5002,19.15,27,27.5,28.75,32.5,25,27,21,10.25,16.68,12.34,10.8,26.93,5,hold,10.4998,-1.75,16.13
29-Nov-19,16.5002,19.15,27,27.5,29.75,33,25,27,28,11.5,16.65,10.7,10.8,28.15,5,raise,10.4998,-2.75,17.35
06-Dec-19,16.5002,19.15,27,27.5,29.75,33,25,27,28,11.5,16.37,10.7,11.7,27.87,5,raise,10.4998,-2.75,16.17
13-Dec-19,16.5002,19.15,27,27.5,29.75,33,25,27,28,11.5,16.52,10.7,11.7,28.02,5,raise,10.4998,-2.75,16.32
20-Dec-19,16.5002,19,27,27.5,29.75,33,25,27,28,11.5,16.67,10.7,11.7,28.17,5,raise,10.4998,-2.75,16.47
27-Dec-19,16.5002,19,27,27.5,29.75,33,25,27,28,11.5,16.53,10.7,11.7,28.03,9,raise,10.4998,-2.75,16.33
03-Jan-20,16.5002,19.25,27,27.5,29.75,33,25,27,28,11.5,16.54,10.7,12.5,28.04,9,raise,10.4998,-2.75,15.54
10-Jan-20,16.5002,19.25,27,27.5,29.75,33,25,27,28,11.5,16.6,10.7,12.5,28.1,9,raise,10.4998,-2.75,15.6
17-Jan-20,16.5002,19.25,27,27.5,29.75,33,25,27,28,11.5,16.88,10.7,12.5,28.38,9,raise,10.4998,-2.75,15.88
24-Jan-20,16.5002,19.25,27,27.5,29.75,33,25,27,28,11.5,16.8,10.7,12.5,28.3,9,raise,10.4998,-2.75,15.8
31-Jan-20,16.5002,19.25,27,27.5,29.75,33,25,27,30,11.5,16.84,10.7,12.5,28.34,9,raise,10.4998,-2.75,15.84
07-Feb-20,16.5002,19.25,27,27.5,29.75,33,25,27,30,11.5,16.82,10.7,13.9,28.32,9,raise,10.4998,-2.75,14.42
14-Feb-20,16.5002,19.25,27,28,29.75,33,25,27,30,11.5,16.78,10.7,13.9,28.28,9,raise,10.4998,-2.75,14.38
21-Feb-20,16.5002,19.25,27,28,29.75,33,25,27,30,11.5,16.89,12.53,13.9,28.39,9,raise,10.4998,-2.75,14.49
28-Feb-20,16.5002,19.25,27,28.24,29.75,33,25,27,30,11.5,16.9,12.54,13.9,28.4,9,raise,10.4998,-2.75,14.5
06-Mar-20,16.5002,19.25,27,28.24,29.75,33,25,27,30,11.5,16.88,12.54,14,28.38,9,raise,10.4998,-2.75,14.38
13-Mar-20,16.5002,20.95,27,29,29.75,33,25,23.5,30,11.5,17.05,12.54,14,28.55,9,raise,6.9998,-6.25,14.55
20-Mar-20,16.5002,20.95,27,29,29.75,33,25,23.5,31,11.5,17.06,12.54,14,28.56,9,raise,6.9998,-6.25,14.56
27-Mar-20,16.5002,20.95,27,29,29.75,33,25,23.5,31,11.5,18.01,12.54,14,29.51,9,raise,6.9998,-6.25,15.51
03-Apr-20,16.5002,20.95,27,29,29.75,33,25,23.5,31,11.5,16.87,12.54,15.7,28.37,9,raise,6.9998,-6.25,12.67
10-Apr-20,16.5002,21.25,27,29.25,29.75,33,25,23.5,31,11.5,16.98,12.54,15.7,28.48,9,raise,6.9998,-6.25,12.78
17-Apr-20,16.5002,21.25,27,29.25,29.75,33,25,23.5,32.5,11.5,17.05,12.54,15.7,28.55,9,raise,6.9998,-6.25,12.85
24-Apr-20,16.5002,21.25,27,29.25,29.75,33,25,23.5,32.5,11.5,16.61,12.54,15.7,28.11,9,raise,6.9998,-6.25,12.41
30-Apr-20,16.5002,21.25,27,29.25,29.75,33,25,23.5,32.5,11.5,16.11,12.54,15.7,27.61,9,raise,6.9998,-6.25,11.91
08-May-20,16.5002,21.25,27,29.25,29.75,33,25,23.5,32.5,11.5,17.14,12.54,16.6,28.64,9,raise,6.9998,-6.25,12.04
15-May-20,16.5002,21.25,27,29.25,29.75,33,25,23.5,32.5,9.25,16.94,12.54,16.6,28.44,9,lower,6.9998,-6.25,11.84
22-May-20,16.5002,21.25,27,29.25,32,33,25,23.5,32.5,9.25,16.88,12.54,16.6,28.38,9,lower,6.9998,-8.5,11.78
29-May-20,17.4999,21.25,27,29,32,33,25,23.5,32.5,9.25,17.05,12.54,16.6,26.3,9,lower,6.0001,-8.5,9.7
05-Jun-20,17.4999,21.25,27,29,32,33,25,23.5,32.5,9.25,17.55,12.54,15.9,26.8,9,lower,6.0001,-8.5,10.9
12-Jun-20,16.9999,21.25,27,29,32,33,25,23.5,32.5,9.25,17.5,12.54,15.9,26.75,9,lower,6.5001,-8.5,10.85
19-Jun-20,16.9999,21.25,27,29,32.7,33,25,31.5,32.5,9.25,16.79,12.54,15.9,26.04,9,lower,14.5001,-1.2,10.14
26-Jun-20,16.0173,21.25,27,28.75,32.7,33,25,31.5,32.5,9.25,16.69,12.54,15.9,25.94,9,lower,15.4827,-1.2,10.04
03-Jul-20,16.0173,21.25,27,28.75,32.7,33,25,31.5,32.5,9.25,16.54,8.98,15.8,25.79,9,lower,15.4827,-1.2,9.99
10-Jul-20,14.9999,21,26.67,28,32.7,33,25,31.5,32.5,9.25,16.72,9,15.8,25.97,9,lower,16.5001,-1.2,10.17
17-Jul-20,14.9999,21,26.67,28,32.7,33,25,31.5,32.5,9.25,16.38,9,15.8,25.63,9,lower,16.5001,-1.2,9.83
24-Jul-20,14.5003,20,26,26.5,32.7,33,25,31.5,32.5,9.25,16.64,9,15.8,25.89,9,lower,16.9997,-1.2,10.09
31-Jul-20,14.5003,20,26,26.5,32.7,33,25,31.5,32.5,9.25,16.64,8.99,15.8,25.89,9,lower,16.9997,-1.2,10.09
07-Aug-20,14.5003,18.5,24,26,32.7,33,25,31.5,32.5,9.25,17.59,8.61,15.5,26.84,9,lower,16.9997,-1.2,11.34
14-Aug-20,14.5003,18.5,24,26,32.7,33,25,31.5,32.5,9.25,17.62,8.56,15.5,26.87,9,lower,16.9997,-1.2,11.37
21-Aug-20,14,17.5,22,25.48,32.7,33,25,31.5,32.5,8,17.56,8.34,15.5,25.56,9,lower,17.5,-1.2,10.06
28-Aug-20,14,17.5,22,25.48,32.7,33,25,31.5,32.5,8,17.74,8.24,15.5,25.74,9,lower,17.5,-1.2,10.24
04-Sep-20,14,17.5,21.5,25.41,32.7,33,25,31.5,32.5,8,17.77,8.24,15.7,25.77,9,lower,17.5,-1.2,10.07
11-Sep-20,14,17.5,21.5,25.41,32.7,33,25,33,33,8,17.78,8.25,15.7,25.78,9,lower,19,0.3,10.08
18-Sep-20,14,17,20,24.5,32.7,33,25,33,33,8,17.63,8.28,15.7,25.63,9,lower,19,0.3,9.93
25-Sep-20,14,17,20,24.5,32.7,33,25,33,33,8,17.69,8.21,15.7,25.69,9,lower,19,0.3,9.99
02-Oct-20,14,16.5,19.65,24.5,32.7,33,25,33,33,8,17.71,8.21,16,25.71,9,lower,19,0.3,9.71
09-Oct-20,14,16.5,19.65,24.5,32.7,33,25,33,33,8,17.78,8.25,16,25.78,9,lower,19,0.3,9.78
16-Oct-20,14,16.5,19.65,24.5,32.7,33,25,33,33,8,17.31,8,16,25.31,9,lower,19,0.3,9.31
23-Oct-20,14,16.5,19.65,24.5,32.7,33,25,33,33.5,8,16.55,7.94,16,24.55,9,lower,19,0.3,8.55
30-Oct-20,14,16,19.65,24.5,32.7,33,25,33,33.5,8,17.26,7.92,16,25.26,9,lower,19,0.3,9.26
06-Nov-20,14,16,19.65,24.5,32.7,33,25,33,33.5,8,16.31,8,17.4,24.31,9,hold,19,0.3,6.91
13-Nov-20,14,16,19.65,24.52,32.7,33,25,33,33.5,8,17.07,7.97,17.4,25.07,9,hold,19,0.3,7.67
20-Nov-20,14,16,19.65,24.52,32.7,33,25,33,33.5,8,17.28,8.02,17.4,25.28,9,hold,19,0.3,7.88
27-Nov-20,14,16,19.65,24.55,32.7,33,25,33,33.5,8,16.82,8.17,17.4,24.82,9,hold,19,0.3,7.42
04-Dec-20,14,16,19.65,24.55,32.7,33,25,33,33.5,8,16.22,8.17,19.2,24.22,9,hold,19,0.3,5.02
11-Dec-20,14,16,19.65,24.52,32.7,33,25,33,33.5,8,17.43,8.11,19.2,25.43,9,hold,19,0.3,6.23
18-Dec-20,14,16,19.65,24.52,32.7,33,25,33,33.5,8,17.54,8.11,19.2,25.54,9,hold,19,0.3,6.34
24-Dec-20,14,16,19.65,24.52,32.7,33,25,33,33.5,8,17.44,8.13,19.2,25.44,9,hold,19,0.3,6.24
31-Dec-20,14,16,19.65,24.52,32.7,33,25,33,33.5,8,16.8,8.17,19.2,24.8,9,hold,19,0.3,5.6
08-Jan-21,14,16,19.65,24.52,32.7,33,25,33,33.5,8,17.05,8.17,21.5,25.05,9,hold,19,0.3,3.55
15-Jan-21,14,16,19.65,24.52,32.7,33,25,33,33.5,8,17.55,8.32,21.5,25.55,9,hold,19,0.3,4.05
22-Jan-21,14.0314,16,19.65,24.52,32.7,34.5,30.1,34.5,33.7,8,17.03,8.42,21.5,25.03,9,hold,20.4686,1.8,3.53
29-Jan-21,14.0314,16,19.5,25.75,32.7,34.5,30.1,34.5,33.7,8,17.03,8.42,21.5,25.03,9,hold,20.4686,1.8,3.53
05-Feb-21,14.0314,16.03,19.45,25.75,32.7,34.5,30.1,34.5,33.7,8,17.49,8.43,22.2,25.49,9,hold,20.4686,1.8,3.29
12-Feb-21,14.0314,16.03,19.45,25.75,32.7,34.5,30.1,34.5,33.7,8,16.98,8.41,22.2,24.98,9,hold,20.4686,1.8,2.78
19-Feb-21,14.0314,16.03,20,25.75,32.7,34.5,30.1,34.5,34,8.5,17.55,8.44,22.2,26.05,9,raise,20.4686,1.8,3.85
26-Feb-21,14.0314,16.03,20,25.75,32.7,34.5,30.1,34.5,34,8.5,17.51,8.44,22.2,26.01,9,raise,20.4686,1.8,3.81
05-Mar-21,14.0314,16.03,20,25.75,32.7,34.5,30.1,34.5,34,8.5,17.33,8.58,22.8,25.83,9,raise,20.4686,1.8,3.03
11-Mar-21,14.0314,16.03,20,25.75,32.7,34.5,30.1,34.5,34.5,8.5,17.45,8.57,22.8,25.95,9,raise,20.4686,1.8,3.15
19-Mar-21,14.0314,16.03,20,25.75,32.7,34.5,30.1,34.5,34.5,8.5,17.45,8.57,22.8,25.95,9,raise,20.4686,1.8,3.15
26-Mar-21,14.0314,16.03,20,25.75,32.7,34.5,30.1,34.5,34.5,8.5,17.67,8.56,22.8,26.17,9,raise,20.4686,1.8,3.37
02-Apr-21,14.0314,16.03,20,25.75,32.7,34.5,30.1,34.5,34.5,8.5,17.8,8.59,22.7,26.3,9,raise,20.4686,1.8,3.6
09-Apr-21,14.0314,16.03,20,25.75,32.7,34.5,30.1,34.5,34.5,8.5,17.78,8.62,22.7,26.28,9,raise,20.4686,1.8,3.58
16-Apr-21,14.0314,16.03,20,25.75,32.7,34.5,30.1,34.5,34.5,8.5,17.96,8.61,22.7,26.46,9,raise,20.4686,1.8,3.76
23-Apr-21,14.0314,16.03,20,25.75,32.7,34.5,30.1,34.5,34.5,8.5,17.22,8.6,22.7,25.72,9,raise,20.4686,1.8,3.02
30-Apr-21,14.0314,16.03,20,25.75,32.7,34.5,30.1,34.5,34.5,8.5,18.11,8.61,22.7,26.61,9,raise,20.4686,1.8,3.91
07-May-21,14.0314,16.03,20,25.75,32.7,34.5,30.1,34.5,34.5,8.5,17.91,8.62,23.2,26.41,9,raise,20.4686,1.8,3.21
14-May-21,14.0314,16.03,20,25.75,32.7,34.5,30.1,34.5,34.5,8.5,17.74,8.6,23.2,26.24,9,raise,20.4686,1.8,3.04
21-May-21,14.0314,16.03,20,25.75,32.7,34.5,30.1,34.5,34.5,8.5,17.66,8.6,23.2,26.16,9,raise,20.4686,1.8,2.96
28-May-21,14.0314,16.03,20,25.75,30.7,32.99,30.1,31,32.9,8.5,17.47,8.6,23.2,25.97,9,raise,16.9686,0.3,2.77
04-Jun-21,14.0314,16.03,20,25.75,30.7,32.99,30.1,31,32.9,8.5,17.41,8.6,24.6,25.91,9,raise,16.9686,0.3,1.31
11-Jun-21,13.9884,16.03,20,25.75,30.7,32.99,30.1,31,32.9,8.5,15.6,8.6,24.6,24.1,9,raise,17.0116,0.3,-0.5
18-Jun-21,13.9884,16.03,20,25.75,30.5,32,30.1,31,32.9,8.5,14.86,8.6,24.6,23.36,9,raise,17.0116,0.5,-1.24
25-Jun-21,13.9884,16.03,20,25.75,30.5,32,30.1,31,32.9,8.5,17.41,8.6,24.6,25.91,9,raise,17.0116,0.5,1.31
02-Jul-21,13.9884,16.03,20,25.75,30.5,32,30.1,31,32.9,8.5,16.54,8.62,24.6,25.04,9,hold,17.0116,0.5,0.44
09-Jul-21,13.9884,16.03,18,25.5,30.5,32,30.1,31,32.9,8.5,15.12,8.62,24.6,23.62,9,hold,17.0116,0.5,-0.98
16-Jul-21,13.9884,16.03,18,25.5,30.5,32,30.1,31,32.9,8.5,15.55,8.62,24.6,24.05,9,hold,17.0116,0.5,-0.55
23-Jul-21,13.9884,16.03,18,25.5,31.49,32.99,30.1,31,32.9,8.5,17.36,8.62,24.6,25.86,9,hold,17.0116,-0.49,1.26
30-Jul-21,13.9884,16.03,18,25.5,31.49,32.99,30.1,31,32.9,8.5,17.32,8.53,24.6,25.82,9,hold,17.0116,-0.49,1.22
06-Aug-21,13.9884,16.03,18,25.5,31.49,32.99,30.1,31,32.9,8.5,16.66,8.53,24.4,25.16,9,hold,17.0116,-0.49,0.76
11-Aug-21,13.9884,16.03,18,25.5,31.49,32.99,30.1,31,32.9,8.5,17.35,8.53,24.4,25.85,9,hold,17.0116,-0.49,1.45
20-Aug-21,13.9884,16.03,18,25.5,24,25,26,26.99,27,8.5,17.37,8.5,24.4,25.87,9,hold,13.0016,2.99,1.47
27-Aug-21,13.9884,16.03,18,25.5,24,25,26,26.99,27,8.5,17.34,8.5,24.4,25.84,9,hold,13.0016,2.99,1.44
03-Sep-21,12.5002,16.03,18,25.5,24,25,26,26.99,27,8.5,17.37,8.5,22.1,25.87,9,hold,14.4898,2.99,3.77
10-Sep-21,12.5002,16.03,17.8,25.5,20.95,22,23.49,26,26.5,8.5,17.4,7.79,22.1,25.9,9,hold,13.4998,5.05,3.8
17-Sep-21,11.5,13.99,16,17.8,20.95,22,23.49,26,26.5,8.5,17.44,7.79,22.1,25.94,9,hold,14.5,5.05,3.84
24-Sep-21,11.5,16,17.8,25.5,20.95,22,23.49,26,26.5,8.5,17.46,7.64,22.1,25.96,9,hold,14.5,5.05,3.86
01-Oct-21,10,14.5,16.5,19.5,20.95,22,23.49,26,26.5,8.5,17.35,7.64,21.1,25.85,9,hold,16,5.05,4.75
08-Oct-21,10,14.5,16.5,19.5,20.95,22,23.49,26,26.5,8.5,17.45,7.64,21.1,25.95,9,hold,16,5.05,4.85
15-Oct-21,9.7999,13.5,15,16,20.95,22,23.49,26,26.5,8.5,17.44,7.64,21.1,25.94,9,hold,16.2001,5.05,4.84
22-Oct-21,9.7999,13.5,15,16,20.95,22,23.49,26,26.5,8.5,17.45,7.64,21.1,25.95,9,hold,16.2001,5.05,4.85
29-Oct-21,9.7999,11,13,14,20.95,23.5,24.49,25.74,25.8,8.5,17.3,7.64,21.1,25.8,9,hold,15.9401,4.79,4.7
05-Nov-21,9.7999,11,13,14,20.95,23.5,24.49,25.74,25.8,8.5,17.3,7.64,19.3,25.8,9,hold,15.9401,4.79,6.5
12-Nov-21,9.5,10,11,13.5,20.95,23.5,24.49,25.74,25.8,8.5,17.3,7.64,19.3,25.8,9,hold,16.24,4.79,6.5
19-Nov-21,9.5,10,11,13.5,20,23,24.44,25.24,26,8.5,17.04,7.64,19.3,25.54,9,hold,15.74,5.24,6.24
26-Nov-21,9.4,9.5,10.84,12,20,23,24.44,25.24,26,9,17.03,7.64,19.3,26.03,9,raise,15.84,5.24,6.73
03-Dec-21,9.4,9.5,10.84,12,20,23,24.44,25.24,26,9,17.03,7.64,16.4,26.03,9,raise,15.84,5.24,9.63
10-Dec-21,9.5,9.5,10,12,20,23,24.44,25.24,26,9,17.05,7.64,16.4,26.05,9,raise,15.74,5.24,9.65
17-Dec-21,9.5,9.5,10,12,19.5,21.95,23,24.09,26,9,16.72,7.64,16.4,25.72,9,raise,14.59,4.59,9.32
24-Dec-21,9.5,9.5,9.95,13.45,19.5,21.95,23,24.09,26,9,16.87,7.64,16.4,25.87,9,raise,14.59,4.59,9.47
31-Dec-21,9.5,9.5,9.95,13.45,19.5,21.95,23,24.09,26,9,16.86,7.64,16.4,25.86,9,raise,14.59,4.59,9.46
07-Jan-22,9.5,9.65,9.95,15,19.5,21.95,23,24.09,26,9,16.72,7.64,15.1,25.72,9,raise,14.59,4.59,10.62
14-Jan-22,9.5,9.65,9.95,15,20.5,22.25,24.5,25.49,26,9,16.73,7.64,15.1,25.73,9,raise,15.99,4.99,10.63
21-Jan-22,9.5,9.65,13,15,20.5,22.25,24.5,25.49,26,9,16.74,7.64,15.1,25.74,9,raise,15.99,4.99,10.64
28-Jan-22,9.5,9.65,13,15,20.5,22.25,24.5,25.49,26,9,16.76,8.97,15.1,25.76,9,raise,15.99,4.99,10.66
04-Feb-22,9.5,11.5,12.99,15,20.5,22.25,24.5,25.49,26,9,16.74,7.64,14.2,25.74,9,raise,15.99,4.99,11.54
11-Feb-22,9.5,11.5,12.99,15,20,22.25,24.5,25.49,26,9,16.76,8.97,14.2,25.76,9,raise,15.99,5.49,11.56
18-Feb-22,9.45,11.5,12.99,15,20,22.25,24.5,25.49,26,9,16.71,8.97,14.2,25.71,9,raise,16.04,5.49,11.51
25-Feb-22,9.45,11.5,12.99,15,20,22.25,24.5,25.49,26,9,16.8,8.97,14.2,25.8,9,raise,16.04,5.49,11.6
04-Mar-22,9.4,11.5,12.9,14.75,20,22.25,24.5,25.49,26,9,16.59,8.84,13.1,25.59,9,raise,16.09,5.49,12.49
11-Mar-22,9.4,11.5,12.9,14.75,20,22.25,24.5,25.49,26,9,16.71,9,13.1,25.71,9,raise,16.09,5.49,12.61
18-Mar-22,9.35,11.5,12.4,14.25,20,22.25,24.5,25.49,26,9,16.51,8.96,13.1,25.51,9,raise,16.14,5.49,12.41
25-Mar-22,9.35,11.5,12.4,14.25,20,22.25,24.5,25.49,26,9,16.6,8.96,13.1,25.6,9,raise,16.14,5.49,12.5
01-Apr-22,9.35,11.4,12.3,13.78,20,22.25,24.5,25.49,26,9,16.49,8.96,11.5,25.49,9,hold,16.14,5.49,13.99
08-Apr-22,9.35,11.4,12.3,13.78,20,22.25,24.5,25.49,26,9,16.42,8.96,11.5,25.42,9,hold,16.14,5.49,13.92
15-Apr-22,9.35,11.3,12.2,13.78,20,22.25,24.5,25.49,26,9,15.99,9,11.5,24.99,9,hold,16.14,5.49,13.49
22-Apr-22,9.3001,11.3,12.2,13.78,20,22.5,24.5,25.25,26,9,15.79,9,11.5,24.79,9,hold,15.9499,5.25,13.29
29-Apr-22,9.3001,11,11.7,13.28,20,22.5,24.5,25.25,26,9,16.46,9,11.5,25.46,9,hold,15.9499,5.25,13.96
06-May-22,9.3001,11,11.7,13.28,20,22.5,24.5,25.25,26,9,16.26,9,10.2,25.26,9,hold,15.9499,5.25,15.06
13-May-22,9.3001,10.8,11,13.75,20,22.5,24.5,25.25,26,9,16.24,9,10.2,25.24,9,hold,15.9499,5.25,15.04
20-May-22,9.3001,10.8,11,13.75,20,22.5,24.5,25.25,26,9,16.28,9,10.2,25.28,9,hold,15.9499,5.25,15.08
27-May-22,9.3001,10.5,10.95,13.75,20,22.5,24.5,25.25,26,9,16.2,9,10.2,25.2,9,hold,15.9499,5.25,15
03-Jun-22,9.3001,10.5,10.95,13.75,20,22.5,24.5,25.25,26,9,16.22,9,9.7,25.22,9,hold,15.9499,5.25,15.52
10-Jun-22,9.3001,10.5,10.95,13.75,20,22.5,24.5,25.25,26,9,16.14,9,9.7,25.14,9,hold,15.9499,5.25,15.44
17-Jun-22,9.3001,10.5,10.95,13.75,20,22.5,24.5,25.25,26,9,16.14,9,9.7,25.14,9,hold,15.9499,5.25,15.44
24-Jun-22,9.3001,10.45,10.95,13.75,20,22.5,24.5,25.25,26,9,15.52,9,9.7,24.52,9,hold,15.9499,5.25,14.82
01-Jul-22,9.3001,10.45,10.95,13.75,20,22.5,24.5,25.25,26,9,16.14,9,9.9,25.14,9,hold,15.9499,5.25,15.24
08-Jul-22,9.3001,10.4,12,14.5,20,22.5,24.5,25.25,26,9,16.08,9,9.9,25.08,9,hold,15.9499,5.25,15.18
15-Jul-22,9.1615,11.5,13,14.5,20,22.5,24.5,25.25,26,9,16.15,9,9.9,25.15,9,hold,16.0885,5.25,15.25
22-Jul-22,9.1615,11.45,12.75,14.4,22,24,24.5,25.75,27,9,16.17,9,9.9,25.17,9,hold,16.5885,3.75,15.27
29-Jul-22,9.1615,11,12.75,15,22,24,24.5,25.75,27,9,16.2,9,9.9,25.2,9,hold,16.5885,3.75,15.3
05-Aug-22,9.7499,11,12.75,15,22,24,24.5,25.75,27,9,16.06,9,9.8,25.06,9,hold,16.0001,3.75,15.26
12-Aug-22,9.7499,10.75,12.75,15,22,24,24.5,25.75,27,9,16.22,9,9.8,25.22,9,hold,16.0001,3.75,15.42
19-Aug-22,9.7499,10.75,12.75,15,22,24,24.5,27.75,27.75,9,16.19,9,9.8,25.19,9,hold,18.0001,5.75,15.39
26-Aug-22,10,10.5,13,15,22,24,24.5,27.75,27.75,9,15.76,9,9.8,24.76,9,hold,17.75,5.75,14.96
02-Sep-22,10,10.5,13,15,22,24,24.5,27.75,27.75,9,15.87,9,9.9,24.87,9,hold,17.75,5.75,14.97
09-Sep-22,10,10.45,13,15,22,24,24.5,27.75,27.75,9,16.06,9,9.9,25.06,9,hold,17.75,5.75,15.16
16-Sep-22,10,10.45,13,15,22,24,24.5,27.75,27.75,9,16.11,9,9.9,25.11,9,hold,17.75,5.75,15.21
23-Sep-22,9.9402,10,12.7,15,22,24,24.5,27.75,27.75,9,16.25,9,9.9,25.25,9,hold,17.8098,5.75,15.35
30-Sep-22,10,10,12.7,15,22,24,24.5,27.75,27.75,9,16.24,9,9.9,25.24,9,hold,17.75,5.75,15.34
07-Oct-22,10,10,13,15,22,24,24.5,27.75,27.75,9,16.07,9,9.7,25.07,9,hold,17.75,5.75,15.37
14-Oct-22,10,10,13,15,22,24,24.5,27.75,27.75,9,16.13,9,9.7,25.13,9,hold,17.75,5.75,15.43
21-Oct-22,10,10,13,15,22,24,24.5,27.75,27.75,9,16.14,9,9.7,25.14,9,hold,17.75,5.75,15.44
28-Oct-22,10,10,13,15,22,24,25.4,27.64,27.75,9,16.11,9,9.7,25.11,9,hold,17.64,5.64,15.41
04-Nov-22,10,10,13,15,22,24,25.4,27.64,27.75,9,16.08,9,9.8,25.08,9,hold,17.64,5.64,15.28
11-Nov-22,10,10,13,15,22,24,25.4,27.64,27.75,9,16.11,8.74,9.8,25.11,9,hold,17.64,5.64,15.31
18-Nov-22,10,11.5,13,15,22,24,25.4,27.64,27.75,9,15.2,9,9.8,24.2,9,hold,17.64,5.64,14.4
25-Nov-22,10,11.5,13,15,22,24,25.4,27.64,27.75,9,15.45,8.8,9.8,24.45,9,hold,17.64,5.64,14.65
02-Dec-22,10,11.5,13,15,22,24,25.4,27.64,27.75,9,15.69,8.88,9.9,24.69,9,hold,17.64,5.64,14.79
09-Dec-22,10,11.5,13,15,22,24,25.4,27.64,27.75,9,16.08,9,9.9,25.08,9,hold,17.64,5.64,15.18
16-Dec-22,10,11.5,12.5,15,22,24,25.4,27.64,27.75,9,15.5,9,9.9,24.5,9,hold,17.64,5.64,14.6
23-Dec-22,10,11.5,12.5,15,22,24,25.4,27.64,27.75,9,16.3,9,9.9,25.3,9,hold,17.64,5.64,15.4
30-Dec-22,10,11.5,12.5,15,22,24,25.4,27.64,27.75,9,16.32,9,9.9,25.32,9,hold,17.64,5.64,15.42
06-Jan-23,9.7499,11.5,12.5,15,22,24,25.4,27.64,27.75,9,16.23,9,9.4,25.23,9,hold,17.8901,5.64,15.83
13-Jan-23,9.7499,11.5,12,14.99,22,24,25.4,27.64,27.75,9,16.29,9,9.4,25.29,9,hold,17.8901,5.64,15.89
20-Jan-23,9.7499,11.5,12,14.99,22,24,25.4,27.75,27.75,9,16.19,9,9.4,25.19,9,hold,18.0001,5.75,15.79
27-Jan-23,9.7499,11.5,12,14.99,22,24,25.4,27.75,27.75,9,16.22,9,9.4,25.22,9,hold,18.0001,5.75,15.82
03-Feb-23,9.7499,11.5,12,14.99,22,24,25.4,27.75,27.75,9,16.23,9,9.6,25.23,9,hold,18.0001,5.75,15.63
10-Feb-23,10.0034,11.5,13,15.25,22,24,25.4,27.75,27.75,9,16.08,9,9.6,25.08,9,hold,17.7466,5.75,15.48
17-Feb-23,10.0034,11.5,13,15.25,22,24,25.4,27.75,27.75,9.25,16.03,9,9.6,25.28,11.5,raise,17.7466,5.75,15.68
24-Feb-23,10.0034,11.5,14,15.75,22,24,25.4,27.75,27.75,9.25,16.15,9,9.6,25.4,11.5,raise,17.7466,5.75,15.8
03-Mar-23,10.0034,11.5,13.5,15.75,22,24,25.4,27.75,27.75,9.25,16.00152673,9,9.9,25.25152673,11.5,raise,17.7466,5.75,15.35152673
10-Mar-23,10.0034,11.5,13.5,15.75,22,24,25.4,27.75,27.75,9.25,16.24497781,9,9.9,25.49497781,11.5,raise,17.7466,5.75,15.59497781
17-Mar-23,10.0034,11.5,13.5,15.75,22,24,25.4,27.75,27.75,9.25,16.38161974,9,9.9,25.63161974,11.5,raise,17.7466,5.75,15.73161974
24-Mar-23,10.0034,11.5,13.5,15.75,22,24,25.4,27.75,27.75,9.25,16.64386641,9,9.9,25.89386641,11.5,raise,17.7466,5.75,15.99386641
31-Mar-23,10.0034,11.5,13.5,15.75,22,24,25.4,27.75,27.75,9.25,15.87854972,9,9.9,25.12854972,11.5,raise,17.7466,5.75,15.22854972
07-Apr-23,10.1424,11.5,13.5,15.75,22,24,25.4,27.75,27.75,9.25,16.50281508,9,10.2,25.75281508,11.5,raise,17.6076,5.75,15.55281508
14-Apr-23,10.0101,11.5,13.5,15.75,22,24,25.4,27.75,27.75,9.25,15.91753377,9,10.2,25.16753377,11.5,raise,17.7399,5.75,14.96753377
21-Apr-23,10.0101,11.5,13.5,15.75,22,24,25.4,27.75,27.75,9.25,15.74324729,9,10.2,24.99324729,11.5,raise,17.7399,5.75,14.79324729
28-Apr-23,10.0101,11.5,13.5,15.75,22,24,25.49,27.75,27.75,9.25,16.7618417,9,10.2,26.0118417,11.5,raise,17.7399,5.75,15.8118417
05-May-23,10,11,13.5,15.75,22,24,25.49,27.75,27.75,9.25,16.81432145,9,9.9,26.06432145,11.5,raise,17.75,5.75,16.16432145
12-May-23,10,10.9,13.5,16,22,24,25.49,27.75,27.75,9.25,15.92306756,9,9.9,25.17306756,11.5,raise,17.75,5.75,15.27306756
19-May-23,10,10.9,13.5,16,22,24,25.49,27.75,27.75,9.5,16.75547987,9,9.9,26.00547987,11.5,raise,17.75,5.75,16.10547987
26-May-23,10,10.9,13.5,16,22,24,25.49,27.75,27.75,9.5,16.47726896,9,9.9,25.72726896,11.5,raise,17.75,5.75,15.82726896
02-Jun-23,9.7999,11,13.3,16.05,22,24,25.49,27.75,27.75,9.5,16.22796187,9,9.8,25.72796187,11.5,raise,17.9501,5.75,15.92796187
09-Jun-23,9.7999,11,13,16.05,22,24,25.49,27.75,27.75,9.5,16.24364098,9,9.8,25.74364098,11.5,raise,17.9501,5.75,15.94364098
16-Jun-23,9.7999,11,13,16.05,22,24,25.49,27.75,27.75,9.5,16.25885511,9,9.8,25.75885511,11.5,raise,17.9501,5.75,15.95885511
23-Jun-23,9.7999,11,13,16.05,22,24.5,25.3,27.75,27.75,9.5,16.2408898,9,9.8,25.7408898,11.5,raise,17.9501,5.75,15.9408898
30-Jun-23,9.7999,11,13,16.05,22,24.5,25.3,27.75,27.75,9.5,16.23286432,9,9.8,25.73286432,11.5,raise,17.9501,5.75,15.93286432
07-Jul-23,9.7999,11,13,16.05,22,24.5,25.3,27.75,27.75,9.5,16.30652057,9,10.3,25.80652057,11.5,raise,17.9501,5.75,15.50652057
14-Jul-23,9.7999,11,13,16.05,22,24.5,25.3,27.75,27.75,9.5,16.36394599,9,10.3,25.86394599,11.5,raise,17.9501,5.75,15.56394599
21-Jul-23,9.7999,11,13,16.05,22,24.5,25.3,26.75,27.75,9.5,16.28099085,9,10.3,25.78099085,11.5,raise,16.9501,4.75,15.48099085
28-Jul-23,9.5,10.3,12.5,16.05,22,24.5,25.3,26.75,27.75,9.5,16.19827993,9,10.3,25.69827993,11.5,raise,17.25,4.75,15.39827993
04-Aug-23,9.55,10.3,12.5,16.05,22,24.5,25.3,26.75,27.75,9.5,16.19160983,9,10.8,25.69160983,11.5,raise,17.2,4.75,14.89160983
11-Aug-23,9.55,10.3,12.5,16.05,22,24.5,25.3,26.75,27.75,9.5,16.27153511,9,10.8,25.77153511,11.5,raise,17.2,4.75,14.97153511
18-Aug-23,9.55,10.3,12.5,16.05,22,24.5,25.3,26.75,27.75,9.5,16.14645493,9,10.8,25.64645493,11.5,raise,17.2,4.75,14.84645493
25-Aug-23,9.5,10.15,12.4,15.5,22,24.5,25.3,26.75,27.75,10,15.55150602,9,10.8,25.55150602,11.5,raise,17.25,4.75,14.75150602
01-Sep-23,9.5,10.15,12.4,15.5,22,24.5,25.3,26.75,27.75,10,15.67185972,9.943555556,12,25.67185972,11.5,raise,17.25,4.75,13.67185972
08-Sep-23,10.15,12,15.5,15.5,22,24.5,25.3,26.75,27.75,10,15.77345961,10,12,25.77345961,11.5,raise,16.6,4.75,13.77345961
15-Sep-23,10,12,15.5,15.5,22,24.5,25.3,26.75,27.75,10,15.95162419,9.779628148,12,25.95162419,11.5,raise,16.75,4.75,13.95162419
22-Sep-23,10,11.95,15.3,15.5,22,24.5,25.3,26.75,27.75,10,15.91820661,9.88519,12,25.91820661,11.5,raise,16.75,4.75,13.91820661
29-Sep-23,9.45,9.9,11.8,15.1,21.5,23.5,24.5,26,27,10,15.94121441,9.97,12,25.94121441,11.5,raise,16.55,4.5,13.94121441
06-Oct-23,9.45,9.9,11.8,15.1,21.5,23.5,24.5,26,27,10,16.04316228,9.98,12.6,26.04316228,11.5,raise,16.55,4.5,13.44316228
13-Oct-23,9.45,9.75,11.3,14.998,21.5,23.5,24.5,26,27,10,16.08381555,9.99,12.6,26.08381555,11.5,raise,16.55,4.5,13.48381555
20-Oct-23,9.45,9.75,11.3,14.998,21.5,23.5,24.5,26,27,10,16.10645609,10,12.6,26.10645609,11.5,raise,16.55,4.5,13.50645609
27-Oct-23,9.45,9.75,11.3,14.998,21,22,24,25.5,26.5,10,16.22537565,10,12.6,26.22537565,11.5,raise,16.05,4.5,13.62537565
03-Nov-23,9.45,9.5,10.98,14.998,21,22,24,25.5,26.5,10,16.28537565,10,12.6,26.28537565,11.5,raise,16.05,4.5,13.68537565
